#
# phpBB Backup Script
# Dump of tables for phpbb_
# DATE : 09-02-2020 20:51:38 GMT
#
# Table: phpbb_acl_groups
DROP TABLE IF EXISTS phpbb_acl_groups;
CREATE TABLE `phpbb_acl_groups` (
  `group_id` mediumint(8) unsigned NOT NULL DEFAULT 0,
  `forum_id` mediumint(8) unsigned NOT NULL DEFAULT 0,
  `auth_option_id` mediumint(8) unsigned NOT NULL DEFAULT 0,
  `auth_role_id` mediumint(8) unsigned NOT NULL DEFAULT 0,
  `auth_setting` tinyint(2) NOT NULL DEFAULT 0,
  KEY `group_id` (`group_id`),
  KEY `auth_opt_id` (`auth_option_id`),
  KEY `auth_role_id` (`auth_role_id`)
) ENGINE=InnoDB DEFAULT CHARSET=utf8 COLLATE=utf8_bin;

INSERT INTO phpbb_acl_groups (group_id, forum_id, auth_option_id, auth_role_id, auth_setting) VALUES (1, 0, 91, 0, 1),(1, 0, 100, 0, 1),(1, 0, 119, 0, 1),(5, 0, 0, 5, 0),(5, 0, 0, 1, 0),(2, 0, 0, 6, 0),(3, 0, 0, 6, 0),(4, 0, 0, 5, 0),(4, 0, 0, 10, 0),(1, 1, 0, 17, 0),(2, 1, 0, 17, 0),(3, 1, 0, 17, 0),(6, 1, 0, 17, 0),(1, 2, 0, 17, 0),(2, 2, 0, 15, 0),(3, 2, 0, 15, 0),(4, 2, 0, 21, 0),(5, 2, 0, 14, 0),(5, 2, 0, 10, 0),(6, 2, 0, 19, 0),(7, 0, 0, 23, 0),(7, 2, 0, 24, 0),(1, 68, 0, 14, 0),(1, 69, 0, 14, 0),(1, 70, 0, 14, 0),(1, 71, 0, 14, 0),(1, 72, 0, 14, 0),(1, 73, 0, 14, 0),(1, 74, 0, 14, 0),(1, 75, 0, 14, 0),(1, 77, 0, 14, 0),(1, 78, 0, 14, 0),(1, 79, 0, 14, 0),(1, 80, 0, 14, 0),(1, 81, 0, 14, 0),(1, 82, 0, 14, 0),(1, 83, 0, 14, 0),(1, 84, 0, 14, 0),(1, 85, 0, 14, 0),(1, 88, 0, 14, 0),(1, 89, 0, 14, 0),(1, 90, 0, 14, 0),(1, 91, 0, 14, 0),(1, 92, 0, 14, 0),(1, 93, 0, 14, 0),(1, 94, 0, 14, 0),(1, 95, 0, 14, 0),(1, 96, 0, 14, 0),(1, 97, 0, 14, 0),(1, 98, 0, 14, 0),(1, 99, 0, 14, 0),(1, 100, 0, 14, 0),(1, 101, 0, 14, 0),(1, 102, 0, 14, 0),(1, 103, 0, 14, 0),(1, 104, 0, 14, 0),(1, 105, 0, 14, 0),(1, 106, 0, 14, 0),(1, 107, 0, 14, 0),(1, 108, 0, 14, 0),(1, 109, 0, 14, 0),(1, 110, 0, 14, 0),(1, 111, 0, 14, 0),(1, 112, 0, 14, 0),(1, 113, 0, 14, 0),(1, 114, 0, 14, 0),(1, 115, 0, 14, 0),(1, 116, 0, 14, 0),(1, 117, 0, 14, 0),(1, 118, 0, 14, 0),(1, 119, 0, 14, 0),(1, 120, 0, 14, 0),(1, 121, 0, 14, 0),(1, 122, 0, 14, 0),(1, 123, 0, 14, 0),(1, 124, 0, 14, 0),(1, 125, 0, 14, 0),(1, 126, 0, 14, 0),(1, 127, 0, 14, 0),(1, 128, 0, 14, 0),(1, 129, 0, 14, 0),(1, 130, 0, 14, 0),(1, 131, 0, 14, 0),(1, 132, 0, 14, 0),(1, 133, 0, 14, 0),(1, 134, 0, 14, 0),(1, 135, 0, 14, 0),(1, 136, 0, 14, 0),(1, 137, 0, 14, 0),(1, 138, 0, 14, 0),(1, 139, 0, 14, 0),(1, 140, 0, 14, 0),(1, 141, 0, 14, 0),(1, 142, 0, 14, 0),(1, 143, 0, 14, 0),(1, 144, 0, 14, 0),(1, 145, 0, 14, 0),(1, 146, 0, 14, 0),(1, 147, 0, 14, 0),(1, 148, 0, 14, 0),(1, 149, 0, 14, 0),(1, 150, 0, 14, 0),(1, 151, 0, 14, 0),(1, 152, 0, 14, 0),(1, 153, 0, 14, 0),(1, 154, 0, 14, 0),(1, 155, 0, 14, 0),(1, 156, 0, 14, 0),(1, 157, 0, 14, 0),(1, 158, 0, 14, 0),(1, 159, 0, 14, 0),(1, 160, 0, 14, 0),(1, 161, 0, 14, 0),(1, 162, 0, 14, 0),(1, 163, 0, 14, 0),(1, 164, 0, 14, 0),(1, 165, 0, 14, 0),(1, 166, 0, 14, 0),(1, 167, 0, 14, 0),(1, 168, 0, 14, 0),(1, 169, 0, 14, 0),(1, 170, 0, 14, 0),(1, 171, 0, 14, 0),(2, 68, 0, 17, 0),(2, 69, 0, 17, 0),(2, 70, 0, 17, 0),(2, 71, 0, 17, 0),(2, 72, 0, 17, 0),(2, 73, 0, 17, 0),(2, 74, 0, 17, 0),(2, 75, 0, 17, 0),(2, 77, 0, 17, 0),(2, 78, 0, 17, 0),(2, 79, 0, 17, 0),(2, 80, 0, 17, 0),(2, 81, 0, 17, 0),(2, 82, 0, 17, 0),(2, 83, 0, 17, 0),(2, 84, 0, 17, 0),(2, 85, 0, 17, 0),(2, 88, 0, 17, 0),(2, 89, 0, 17, 0),(2, 90, 0, 17, 0),(2, 91, 0, 17, 0),(2, 92, 0, 17, 0),(2, 93, 0, 17, 0),(2, 94, 0, 17, 0),(2, 95, 0, 17, 0),(2, 96, 0, 17, 0),(2, 97, 0, 17, 0),(2, 98, 0, 17, 0),(2, 99, 0, 17, 0),(2, 100, 0, 17, 0),(2, 101, 0, 17, 0),(2, 102, 0, 17, 0),(2, 103, 0, 17, 0),(2, 104, 0, 17, 0),(2, 105, 0, 17, 0),(2, 106, 0, 17, 0),(2, 107, 0, 17, 0),(2, 108, 0, 17, 0),(2, 109, 0, 17, 0),(2, 110, 0, 17, 0),(2, 111, 0, 17, 0),(2, 112, 0, 17, 0),(2, 113, 0, 17, 0),(2, 114, 0, 17, 0),(2, 115, 0, 17, 0),(2, 116, 0, 17, 0),(2, 117, 0, 17, 0),(2, 118, 0, 17, 0),(2, 119, 0, 17, 0),(2, 120, 0, 17, 0),(2, 121, 0, 17, 0),(2, 122, 0, 17, 0),(2, 123, 0, 17, 0),(2, 124, 0, 17, 0),(2, 125, 0, 17, 0),(2, 126, 0, 17, 0),(2, 127, 0, 17, 0),(2, 128, 0, 17, 0),(2, 129, 0, 17, 0),(2, 130, 0, 17, 0),(2, 131, 0, 17, 0),(2, 132, 0, 17, 0),(2, 133, 0, 17, 0),(2, 134, 0, 17, 0),(2, 135, 0, 17, 0),(2, 136, 0, 17, 0),(2, 137, 0, 17, 0),(2, 138, 0, 17, 0),(2, 139, 0, 17, 0),(2, 140, 0, 17, 0),(2, 141, 0, 17, 0),(2, 142, 0, 17, 0),(2, 143, 0, 17, 0),(2, 144, 0, 17, 0),(2, 145, 0, 17, 0),(2, 146, 0, 17, 0),(2, 147, 0, 17, 0),(2, 148, 0, 17, 0),(2, 149, 0, 17, 0),(2, 150, 0, 17, 0),(2, 151, 0, 17, 0),(2, 152, 0, 17, 0),(2, 153, 0, 17, 0),(2, 154, 0, 17, 0),(2, 155, 0, 17, 0),(2, 156, 0, 17, 0),(2, 157, 0, 17, 0),(2, 158, 0, 17, 0),(2, 159, 0, 17, 0),(2, 160, 0, 17, 0),(2, 161, 0, 17, 0),(2, 162, 0, 17, 0),(2, 163, 0, 17, 0),(2, 164, 0, 17, 0),(2, 165, 0, 17, 0),(2, 166, 0, 17, 0),(2, 167, 0, 17, 0),(2, 168, 0, 17, 0),(2, 169, 0, 17, 0),(2, 170, 0, 17, 0),(2, 171, 0, 17, 0),(1, 174, 0, 14, 0),(2, 174, 0, 17, 0),(1, 175, 0, 14, 0),(2, 175, 0, 17, 0),(1, 176, 0, 14, 0),(2, 176, 0, 17, 0),(1, 177, 0, 14, 0),(2, 177, 0, 17, 0),(1, 178, 0, 14, 0),(2, 178, 0, 17, 0),(1, 179, 0, 14, 0),(2, 179, 0, 17, 0),(1, 180, 0, 14, 0),(2, 180, 0, 17, 0),(1, 181, 0, 14, 0),(2, 181, 0, 17, 0),(1, 182, 0, 14, 0),(2, 182, 0, 17, 0),(1, 183, 0, 14, 0),(2, 183, 0, 17, 0),(1, 184, 0, 14, 0),(2, 184, 0, 17, 0),(1, 185, 0, 14, 0),(2, 185, 0, 17, 0);

# Table: phpbb_acl_options
DROP TABLE IF EXISTS phpbb_acl_options;
CREATE TABLE `phpbb_acl_options` (
  `auth_option_id` mediumint(8) unsigned NOT NULL AUTO_INCREMENT,
  `auth_option` varchar(50) COLLATE utf8_bin NOT NULL DEFAULT '',
  `is_global` tinyint(1) unsigned NOT NULL DEFAULT 0,
  `is_local` tinyint(1) unsigned NOT NULL DEFAULT 0,
  `founder_only` tinyint(1) unsigned NOT NULL DEFAULT 0,
  PRIMARY KEY (`auth_option_id`),
  UNIQUE KEY `auth_option` (`auth_option`)
) ENGINE=InnoDB AUTO_INCREMENT=126 DEFAULT CHARSET=utf8 COLLATE=utf8_bin;

INSERT INTO phpbb_acl_options (auth_option_id, auth_option, is_global, is_local, founder_only) VALUES (1, 'f_', 0, 1, 0),(2, 'f_announce', 0, 1, 0),(3, 'f_announce_global', 0, 1, 0),(4, 'f_attach', 0, 1, 0),(5, 'f_bbcode', 0, 1, 0),(6, 'f_bump', 0, 1, 0),(7, 'f_delete', 0, 1, 0),(8, 'f_download', 0, 1, 0),(9, 'f_edit', 0, 1, 0),(10, 'f_email', 0, 1, 0),(11, 'f_flash', 0, 1, 0),(12, 'f_icons', 0, 1, 0),(13, 'f_ignoreflood', 0, 1, 0),(14, 'f_img', 0, 1, 0),(15, 'f_list', 0, 1, 0),(16, 'f_list_topics', 0, 1, 0),(17, 'f_noapprove', 0, 1, 0),(18, 'f_poll', 0, 1, 0),(19, 'f_post', 0, 1, 0),(20, 'f_postcount', 0, 1, 0),(21, 'f_print', 0, 1, 0),(22, 'f_read', 0, 1, 0),(23, 'f_reply', 0, 1, 0),(24, 'f_report', 0, 1, 0),(25, 'f_search', 0, 1, 0),(26, 'f_sigs', 0, 1, 0),(27, 'f_smilies', 0, 1, 0),(28, 'f_sticky', 0, 1, 0),(29, 'f_subscribe', 0, 1, 0),(30, 'f_user_lock', 0, 1, 0),(31, 'f_vote', 0, 1, 0),(32, 'f_votechg', 0, 1, 0),(33, 'f_softdelete', 0, 1, 0),(34, 'm_', 1, 1, 0),(35, 'm_approve', 1, 1, 0),(36, 'm_chgposter', 1, 1, 0),(37, 'm_delete', 1, 1, 0),(38, 'm_edit', 1, 1, 0),(39, 'm_info', 1, 1, 0),(40, 'm_lock', 1, 1, 0),(41, 'm_merge', 1, 1, 0),(42, 'm_move', 1, 1, 0),(43, 'm_report', 1, 1, 0),(44, 'm_split', 1, 1, 0),(45, 'm_softdelete', 1, 1, 0),(46, 'm_ban', 1, 0, 0),(47, 'm_pm_report', 1, 0, 0),(48, 'm_warn', 1, 0, 0),(49, 'a_', 1, 0, 0),(50, 'a_aauth', 1, 0, 0),(51, 'a_attach', 1, 0, 0),(52, 'a_authgroups', 1, 0, 0),(53, 'a_authusers', 1, 0, 0),(54, 'a_backup', 1, 0, 0),(55, 'a_ban', 1, 0, 0),(56, 'a_bbcode', 1, 0, 0),(57, 'a_board', 1, 0, 0),(58, 'a_bots', 1, 0, 0),(59, 'a_clearlogs', 1, 0, 0),(60, 'a_email', 1, 0, 0),(61, 'a_extensions', 1, 0, 0),(62, 'a_fauth', 1, 0, 0),(63, 'a_forum', 1, 0, 0),(64, 'a_forumadd', 1, 0, 0),(65, 'a_forumdel', 1, 0, 0),(66, 'a_group', 1, 0, 0),(67, 'a_groupadd', 1, 0, 0),(68, 'a_groupdel', 1, 0, 0),(69, 'a_icons', 1, 0, 0),(70, 'a_jabber', 1, 0, 0),(71, 'a_language', 1, 0, 0),(72, 'a_mauth', 1, 0, 0),(73, 'a_modules', 1, 0, 0),(74, 'a_names', 1, 0, 0),(75, 'a_phpinfo', 1, 0, 0),(76, 'a_profile', 1, 0, 0),(77, 'a_prune', 1, 0, 0),(78, 'a_ranks', 1, 0, 0),(79, 'a_reasons', 1, 0, 0),(80, 'a_roles', 1, 0, 0),(81, 'a_search', 1, 0, 0),(82, 'a_server', 1, 0, 0),(83, 'a_styles', 1, 0, 0),(84, 'a_switchperm', 1, 0, 0),(85, 'a_uauth', 1, 0, 0),(86, 'a_user', 1, 0, 0),(87, 'a_userdel', 1, 0, 0),(88, 'a_viewauth', 1, 0, 0),(89, 'a_viewlogs', 1, 0, 0),(90, 'a_words', 1, 0, 0),(91, 'u_', 1, 0, 0),(92, 'u_attach', 1, 0, 0),(93, 'u_chgavatar', 1, 0, 0),(94, 'u_chgcensors', 1, 0, 0),(95, 'u_chgemail', 1, 0, 0),(96, 'u_chggrp', 1, 0, 0),(97, 'u_chgname', 1, 0, 0),(98, 'u_chgpasswd', 1, 0, 0),(99, 'u_chgprofileinfo', 1, 0, 0),(100, 'u_download', 1, 0, 0),(101, 'u_emoji', 1, 0, 0),(102, 'u_hideonline', 1, 0, 0),(103, 'u_ignoreflood', 1, 0, 0),(104, 'u_masspm', 1, 0, 0),(105, 'u_masspm_group', 1, 0, 0),(106, 'u_pm_attach', 1, 0, 0),(107, 'u_pm_bbcode', 1, 0, 0),(108, 'u_pm_delete', 1, 0, 0),(109, 'u_pm_download', 1, 0, 0),(110, 'u_pm_edit', 1, 0, 0),(111, 'u_pm_emailpm', 1, 0, 0),(112, 'u_pm_flash', 1, 0, 0),(113, 'u_pm_forward', 1, 0, 0),(114, 'u_pm_img', 1, 0, 0),(115, 'u_pm_printpm', 1, 0, 0),(116, 'u_pm_smilies', 1, 0, 0),(117, 'u_readpm', 1, 0, 0),(118, 'u_savedrafts', 1, 0, 0),(119, 'u_search', 1, 0, 0),(120, 'u_sendemail', 1, 0, 0),(121, 'u_sendim', 1, 0, 0),(122, 'u_sendpm', 1, 0, 0),(123, 'u_sig', 1, 0, 0),(124, 'u_viewonline', 1, 0, 0),(125, 'u_viewprofile', 1, 0, 0);

# Table: phpbb_acl_roles
DROP TABLE IF EXISTS phpbb_acl_roles;
CREATE TABLE `phpbb_acl_roles` (
  `role_id` mediumint(8) unsigned NOT NULL AUTO_INCREMENT,
  `role_name` varchar(255) COLLATE utf8_bin NOT NULL DEFAULT '',
  `role_description` text COLLATE utf8_bin NOT NULL,
  `role_type` varchar(10) COLLATE utf8_bin NOT NULL DEFAULT '',
  `role_order` smallint(4) unsigned NOT NULL DEFAULT 0,
  PRIMARY KEY (`role_id`),
  KEY `role_type` (`role_type`),
  KEY `role_order` (`role_order`)
) ENGINE=InnoDB AUTO_INCREMENT=25 DEFAULT CHARSET=utf8 COLLATE=utf8_bin;

INSERT INTO phpbb_acl_roles (role_id, role_name, role_description, role_type, role_order) VALUES (1, 'ROLE_ADMIN_STANDARD', 'ROLE_DESCRIPTION_ADMIN_STANDARD', 'a_', 1),(2, 'ROLE_ADMIN_FORUM', 'ROLE_DESCRIPTION_ADMIN_FORUM', 'a_', 3),(3, 'ROLE_ADMIN_USERGROUP', 'ROLE_DESCRIPTION_ADMIN_USERGROUP', 'a_', 4),(4, 'ROLE_ADMIN_FULL', 'ROLE_DESCRIPTION_ADMIN_FULL', 'a_', 2),(5, 'ROLE_USER_FULL', 'ROLE_DESCRIPTION_USER_FULL', 'u_', 3),(6, 'ROLE_USER_STANDARD', 'ROLE_DESCRIPTION_USER_STANDARD', 'u_', 1),(7, 'ROLE_USER_LIMITED', 'ROLE_DESCRIPTION_USER_LIMITED', 'u_', 2),(8, 'ROLE_USER_NOPM', 'ROLE_DESCRIPTION_USER_NOPM', 'u_', 4),(9, 'ROLE_USER_NOAVATAR', 'ROLE_DESCRIPTION_USER_NOAVATAR', 'u_', 5),(10, 'ROLE_MOD_FULL', 'ROLE_DESCRIPTION_MOD_FULL', 'm_', 3),(11, 'ROLE_MOD_STANDARD', 'ROLE_DESCRIPTION_MOD_STANDARD', 'm_', 1),(12, 'ROLE_MOD_SIMPLE', 'ROLE_DESCRIPTION_MOD_SIMPLE', 'm_', 2),(13, 'ROLE_MOD_QUEUE', 'ROLE_DESCRIPTION_MOD_QUEUE', 'm_', 4),(14, 'ROLE_FORUM_FULL', 'ROLE_DESCRIPTION_FORUM_FULL', 'f_', 7),(15, 'ROLE_FORUM_STANDARD', 'ROLE_DESCRIPTION_FORUM_STANDARD', 'f_', 5),(16, 'ROLE_FORUM_NOACCESS', 'ROLE_DESCRIPTION_FORUM_NOACCESS', 'f_', 1),(17, 'ROLE_FORUM_READONLY', 'ROLE_DESCRIPTION_FORUM_READONLY', 'f_', 2),(18, 'ROLE_FORUM_LIMITED', 'ROLE_DESCRIPTION_FORUM_LIMITED', 'f_', 3),(19, 'ROLE_FORUM_BOT', 'ROLE_DESCRIPTION_FORUM_BOT', 'f_', 9),(20, 'ROLE_FORUM_ONQUEUE', 'ROLE_DESCRIPTION_FORUM_ONQUEUE', 'f_', 8),(21, 'ROLE_FORUM_POLLS', 'ROLE_DESCRIPTION_FORUM_POLLS', 'f_', 6),(22, 'ROLE_FORUM_LIMITED_POLLS', 'ROLE_DESCRIPTION_FORUM_LIMITED_POLLS', 'f_', 4),(23, 'ROLE_USER_NEW_MEMBER', 'ROLE_DESCRIPTION_USER_NEW_MEMBER', 'u_', 6),(24, 'ROLE_FORUM_NEW_MEMBER', 'ROLE_DESCRIPTION_FORUM_NEW_MEMBER', 'f_', 10);

# Table: phpbb_acl_roles_data
DROP TABLE IF EXISTS phpbb_acl_roles_data;
CREATE TABLE `phpbb_acl_roles_data` (
  `role_id` mediumint(8) unsigned NOT NULL DEFAULT 0,
  `auth_option_id` mediumint(8) unsigned NOT NULL DEFAULT 0,
  `auth_setting` tinyint(2) NOT NULL DEFAULT 0,
  PRIMARY KEY (`role_id`,`auth_option_id`),
  KEY `ath_op_id` (`auth_option_id`)
) ENGINE=InnoDB DEFAULT CHARSET=utf8 COLLATE=utf8_bin;

INSERT INTO phpbb_acl_roles_data (role_id, auth_option_id, auth_setting) VALUES (1, 49, 1),(1, 51, 1),(1, 52, 1),(1, 53, 1),(1, 55, 1),(1, 56, 1),(1, 57, 1),(1, 61, 1),(1, 62, 1),(1, 63, 1),(1, 64, 1),(1, 65, 1),(1, 66, 1),(1, 67, 1),(1, 68, 1),(1, 69, 1),(1, 72, 1),(1, 74, 1),(1, 76, 1),(1, 77, 1),(1, 78, 1),(1, 79, 1),(1, 85, 1),(1, 86, 1),(1, 87, 1),(1, 88, 1),(1, 89, 1),(1, 90, 1),(2, 49, 1),(2, 52, 1),(2, 53, 1),(2, 62, 1),(2, 63, 1),(2, 64, 1),(2, 65, 1),(2, 72, 1),(2, 77, 1),(2, 85, 1),(2, 88, 1),(2, 89, 1),(3, 49, 1),(3, 52, 1),(3, 53, 1),(3, 55, 1),(3, 66, 1),(3, 67, 1),(3, 68, 1),(3, 78, 1),(3, 85, 1),(3, 86, 1),(3, 88, 1),(3, 89, 1),(4, 49, 1),(4, 50, 1),(4, 51, 1),(4, 52, 1),(4, 53, 1),(4, 54, 1),(4, 55, 1),(4, 56, 1),(4, 57, 1),(4, 58, 1),(4, 59, 1),(4, 60, 1),(4, 61, 1),(4, 62, 1),(4, 63, 1),(4, 64, 1),(4, 65, 1),(4, 66, 1),(4, 67, 1),(4, 68, 1),(4, 69, 1),(4, 70, 1),(4, 71, 1),(4, 72, 1),(4, 73, 1),(4, 74, 1),(4, 75, 1),(4, 76, 1),(4, 77, 1),(4, 78, 1),(4, 79, 1),(4, 80, 1),(4, 81, 1),(4, 82, 1),(4, 83, 1),(4, 84, 1),(4, 85, 1),(4, 86, 1),(4, 87, 1),(4, 88, 1),(4, 89, 1),(4, 90, 1),(5, 91, 1),(5, 92, 1),(5, 93, 1),(5, 94, 1),(5, 95, 1),(5, 96, 1),(5, 97, 1),(5, 98, 1),(5, 99, 1),(5, 100, 1),(5, 101, 1),(5, 102, 1),(5, 103, 1),(5, 104, 1),(5, 105, 1),(5, 106, 1),(5, 107, 1),(5, 108, 1),(5, 109, 1),(5, 110, 1),(5, 111, 1),(5, 112, 1),(5, 113, 1),(5, 114, 1),(5, 115, 1),(5, 116, 1),(5, 117, 1),(5, 118, 1),(5, 119, 1),(5, 120, 1),(5, 121, 1),(5, 122, 1),(5, 123, 1),(5, 124, 1),(5, 125, 1),(6, 91, 1),(6, 92, 1),(6, 93, 1),(6, 94, 1),(6, 95, 1),(6, 98, 1),(6, 99, 1),(6, 100, 1),(6, 101, 1),(6, 102, 1),(6, 104, 1),(6, 105, 1),(6, 106, 1),(6, 107, 1),(6, 108, 1),(6, 109, 1),(6, 110, 1),(6, 111, 1),(6, 114, 1),(6, 115, 1),(6, 116, 1),(6, 117, 1),(6, 118, 1),(6, 119, 1),(6, 120, 1),(6, 121, 1),(6, 122, 1),(6, 123, 1),(6, 125, 1),(7, 91, 1),(7, 93, 1),(7, 94, 1),(7, 95, 1),(7, 98, 1),(7, 99, 1),(7, 100, 1),(7, 101, 1),(7, 102, 1),(7, 107, 1),(7, 108, 1),(7, 109, 1),(7, 110, 1),(7, 113, 1),(7, 114, 1),(7, 115, 1),(7, 116, 1),(7, 117, 1),(7, 122, 1),(7, 123, 1),(7, 125, 1),(8, 91, 1),(8, 93, 1),(8, 94, 1),(8, 95, 1),(8, 98, 1),(8, 100, 1),(8, 102, 1),(8, 104, 0),(8, 105, 0),(8, 117, 0),(8, 122, 0),(8, 123, 1),(8, 125, 1),(9, 91, 1),(9, 93, 0),(9, 94, 1),(9, 95, 1),(9, 98, 1),(9, 99, 1),(9, 100, 1),(9, 101, 1),(9, 102, 1),(9, 107, 1),(9, 108, 1),(9, 109, 1),(9, 110, 1),(9, 113, 1),(9, 114, 1),(9, 115, 1),(9, 116, 1),(9, 117, 1),(9, 122, 1),(9, 123, 1),(9, 125, 1),(10, 34, 1),(10, 35, 1),(10, 36, 1),(10, 37, 1),(10, 38, 1),(10, 39, 1),(10, 40, 1),(10, 41, 1),(10, 42, 1),(10, 43, 1),(10, 44, 1),(10, 45, 1),(10, 46, 1),(10, 47, 1),(10, 48, 1),(11, 34, 1),(11, 35, 1),(11, 37, 1),(11, 38, 1),(11, 39, 1),(11, 40, 1),(11, 41, 1),(11, 42, 1),(11, 43, 1),(11, 44, 1),(11, 45, 1),(11, 47, 1),(11, 48, 1),(12, 34, 1),(12, 37, 1),(12, 38, 1),(12, 39, 1),(12, 43, 1),(12, 45, 1),(12, 47, 1),(13, 34, 1),(13, 35, 1),(13, 38, 1),(14, 1, 1),(14, 2, 1),(14, 3, 1),(14, 4, 1),(14, 5, 1),(14, 6, 1),(14, 7, 1),(14, 8, 1),(14, 9, 1),(14, 10, 1),(14, 11, 1),(14, 12, 1),(14, 13, 1),(14, 14, 1),(14, 15, 1),(14, 16, 1),(14, 17, 1),(14, 18, 1),(14, 19, 1),(14, 20, 1),(14, 21, 1),(14, 22, 1),(14, 23, 1),(14, 24, 1),(14, 25, 1),(14, 26, 1),(14, 27, 1),(14, 28, 1),(14, 29, 1),(14, 30, 1),(14, 31, 1),(14, 32, 1),(14, 33, 1),(15, 1, 1),(15, 4, 1),(15, 5, 1),(15, 6, 1),(15, 7, 1),(15, 8, 1),(15, 9, 1),(15, 10, 1),(15, 12, 1),(15, 14, 1),(15, 15, 1),(15, 16, 1),(15, 17, 1),(15, 19, 1),(15, 20, 1),(15, 21, 1),(15, 22, 1),(15, 23, 1),(15, 24, 1),(15, 25, 1),(15, 26, 1),(15, 27, 1),(15, 29, 1),(15, 31, 1),(15, 32, 1),(15, 33, 1),(16, 1, 0),(17, 1, 1),(17, 8, 1),(17, 15, 1),(17, 16, 1),(17, 21, 1),(17, 22, 1),(17, 25, 1),(17, 29, 1),(18, 1, 1),(18, 5, 1),(18, 8, 1),(18, 9, 1),(18, 10, 1),(18, 14, 1),(18, 15, 1),(18, 16, 1),(18, 17, 1),(18, 19, 1),(18, 20, 1),(18, 21, 1),(18, 22, 1),(18, 23, 1),(18, 24, 1),(18, 25, 1),(18, 26, 1),(18, 27, 1),(18, 29, 1),(18, 31, 1),(18, 33, 1),(19, 1, 1),(19, 8, 1),(19, 15, 1),(19, 16, 1),(19, 21, 1),(19, 22, 1),(20, 1, 1),(20, 4, 1),(20, 5, 1),(20, 8, 1),(20, 9, 1),(20, 10, 1),(20, 14, 1),(20, 15, 1),(20, 16, 1),(20, 17, 0),(20, 19, 1),(20, 20, 1),(20, 21, 1),(20, 22, 1),(20, 23, 1),(20, 24, 1),(20, 25, 1),(20, 26, 1),(20, 27, 1),(20, 29, 1),(20, 31, 1),(20, 33, 1),(21, 1, 1),(21, 4, 1),(21, 5, 1),(21, 6, 1),(21, 7, 1),(21, 8, 1),(21, 9, 1),(21, 10, 1),(21, 12, 1),(21, 14, 1),(21, 15, 1),(21, 16, 1),(21, 17, 1),(21, 18, 1),(21, 19, 1),(21, 20, 1),(21, 21, 1),(21, 22, 1),(21, 23, 1),(21, 24, 1),(21, 25, 1),(21, 26, 1),(21, 27, 1),(21, 29, 1),(21, 31, 1),(21, 32, 1),(21, 33, 1),(22, 1, 1),(22, 5, 1),(22, 8, 1),(22, 9, 1),(22, 10, 1),(22, 14, 1),(22, 15, 1),(22, 16, 1),(22, 17, 1),(22, 18, 1),(22, 19, 1),(22, 20, 1),(22, 21, 1),(22, 22, 1),(22, 23, 1),(22, 24, 1),(22, 25, 1),(22, 26, 1),(22, 27, 1),(22, 29, 1),(22, 31, 1),(22, 33, 1),(23, 99, 0),(23, 104, 0),(23, 105, 0),(23, 122, 0),(24, 17, 0);

# Table: phpbb_acl_users
DROP TABLE IF EXISTS phpbb_acl_users;
CREATE TABLE `phpbb_acl_users` (
  `user_id` int(10) unsigned NOT NULL DEFAULT 0,
  `forum_id` mediumint(8) unsigned NOT NULL DEFAULT 0,
  `auth_option_id` mediumint(8) unsigned NOT NULL DEFAULT 0,
  `auth_role_id` mediumint(8) unsigned NOT NULL DEFAULT 0,
  `auth_setting` tinyint(2) NOT NULL DEFAULT 0,
  KEY `user_id` (`user_id`),
  KEY `auth_option_id` (`auth_option_id`),
  KEY `auth_role_id` (`auth_role_id`)
) ENGINE=InnoDB DEFAULT CHARSET=utf8 COLLATE=utf8_bin;

INSERT INTO phpbb_acl_users (user_id, forum_id, auth_option_id, auth_role_id, auth_setting) VALUES (2, 0, 0, 5, 0);

# Table: phpbb_attachments
DROP TABLE IF EXISTS phpbb_attachments;
CREATE TABLE `phpbb_attachments` (
  `attach_id` int(10) unsigned NOT NULL AUTO_INCREMENT,
  `post_msg_id` int(10) unsigned NOT NULL DEFAULT 0,
  `topic_id` int(10) unsigned NOT NULL DEFAULT 0,
  `in_message` tinyint(1) unsigned NOT NULL DEFAULT 0,
  `poster_id` int(10) unsigned NOT NULL DEFAULT 0,
  `is_orphan` tinyint(1) unsigned NOT NULL DEFAULT 1,
  `physical_filename` varchar(255) COLLATE utf8_bin NOT NULL DEFAULT '',
  `real_filename` varchar(255) COLLATE utf8_bin NOT NULL DEFAULT '',
  `download_count` mediumint(8) unsigned NOT NULL DEFAULT 0,
  `attach_comment` text COLLATE utf8_bin NOT NULL,
  `extension` varchar(100) COLLATE utf8_bin NOT NULL DEFAULT '',
  `mimetype` varchar(100) COLLATE utf8_bin NOT NULL DEFAULT '',
  `filesize` int(20) unsigned NOT NULL DEFAULT 0,
  `filetime` int(11) unsigned NOT NULL DEFAULT 0,
  `thumbnail` tinyint(1) unsigned NOT NULL DEFAULT 0,
  PRIMARY KEY (`attach_id`),
  KEY `filetime` (`filetime`),
  KEY `post_msg_id` (`post_msg_id`),
  KEY `topic_id` (`topic_id`),
  KEY `poster_id` (`poster_id`),
  KEY `is_orphan` (`is_orphan`)
) ENGINE=InnoDB DEFAULT CHARSET=utf8 COLLATE=utf8_bin;

# Table: phpbb_banlist
DROP TABLE IF EXISTS phpbb_banlist;
CREATE TABLE `phpbb_banlist` (
  `ban_id` int(10) unsigned NOT NULL AUTO_INCREMENT,
  `ban_userid` int(10) unsigned NOT NULL DEFAULT 0,
  `ban_ip` varchar(40) COLLATE utf8_bin NOT NULL DEFAULT '',
  `ban_email` varchar(100) COLLATE utf8_bin NOT NULL DEFAULT '',
  `ban_start` int(11) unsigned NOT NULL DEFAULT 0,
  `ban_end` int(11) unsigned NOT NULL DEFAULT 0,
  `ban_exclude` tinyint(1) unsigned NOT NULL DEFAULT 0,
  `ban_reason` varchar(255) COLLATE utf8_bin NOT NULL DEFAULT '',
  `ban_give_reason` varchar(255) COLLATE utf8_bin NOT NULL DEFAULT '',
  PRIMARY KEY (`ban_id`),
  KEY `ban_end` (`ban_end`),
  KEY `ban_user` (`ban_userid`,`ban_exclude`),
  KEY `ban_email` (`ban_email`,`ban_exclude`),
  KEY `ban_ip` (`ban_ip`,`ban_exclude`)
) ENGINE=InnoDB DEFAULT CHARSET=utf8 COLLATE=utf8_bin;

# Table: phpbb_bbcodes
DROP TABLE IF EXISTS phpbb_bbcodes;
CREATE TABLE `phpbb_bbcodes` (
  `bbcode_id` smallint(4) unsigned NOT NULL DEFAULT 0,
  `bbcode_tag` varchar(16) COLLATE utf8_bin NOT NULL DEFAULT '',
  `bbcode_helpline` varchar(255) COLLATE utf8_bin NOT NULL DEFAULT '',
  `display_on_posting` tinyint(1) unsigned NOT NULL DEFAULT 0,
  `bbcode_match` text COLLATE utf8_bin NOT NULL,
  `bbcode_tpl` mediumtext COLLATE utf8_bin NOT NULL,
  `first_pass_match` mediumtext COLLATE utf8_bin NOT NULL,
  `first_pass_replace` mediumtext COLLATE utf8_bin NOT NULL,
  `second_pass_match` mediumtext COLLATE utf8_bin NOT NULL,
  `second_pass_replace` mediumtext COLLATE utf8_bin NOT NULL,
  PRIMARY KEY (`bbcode_id`),
  KEY `display_on_post` (`display_on_posting`)
) ENGINE=InnoDB DEFAULT CHARSET=utf8 COLLATE=utf8_bin;

# Table: phpbb_bookmarks
DROP TABLE IF EXISTS phpbb_bookmarks;
CREATE TABLE `phpbb_bookmarks` (
  `topic_id` int(10) unsigned NOT NULL DEFAULT 0,
  `user_id` int(10) unsigned NOT NULL DEFAULT 0,
  PRIMARY KEY (`topic_id`,`user_id`)
) ENGINE=InnoDB DEFAULT CHARSET=utf8 COLLATE=utf8_bin;

# Table: phpbb_bots
DROP TABLE IF EXISTS phpbb_bots;
CREATE TABLE `phpbb_bots` (
  `bot_id` int(10) unsigned NOT NULL AUTO_INCREMENT,
  `bot_active` tinyint(1) unsigned NOT NULL DEFAULT 1,
  `bot_name` varchar(255) COLLATE utf8_bin NOT NULL DEFAULT '',
  `user_id` int(10) unsigned NOT NULL DEFAULT 0,
  `bot_agent` varchar(255) COLLATE utf8_bin NOT NULL DEFAULT '',
  `bot_ip` varchar(255) COLLATE utf8_bin NOT NULL DEFAULT '',
  PRIMARY KEY (`bot_id`),
  KEY `bot_active` (`bot_active`)
) ENGINE=InnoDB AUTO_INCREMENT=46 DEFAULT CHARSET=utf8 COLLATE=utf8_bin;

INSERT INTO phpbb_bots (bot_id, bot_active, bot_name, user_id, bot_agent, bot_ip) VALUES (1, 1, 'AdsBot [Google]', 3, 'AdsBot-Google', ''),(2, 1, 'Alexa [Bot]', 4, 'ia_archiver', ''),(3, 1, 'Alta Vista [Bot]', 5, 'Scooter/', ''),(4, 1, 'Ask Jeeves [Bot]', 6, 'Ask Jeeves', ''),(5, 1, 'Baidu [Spider]', 7, 'Baiduspider', ''),(6, 1, 'Bing [Bot]', 8, 'bingbot/', ''),(7, 1, 'Exabot [Bot]', 9, 'Exabot', ''),(8, 1, 'FAST Enterprise [Crawler]', 10, 'FAST Enterprise Crawler', ''),(9, 1, 'FAST WebCrawler [Crawler]', 11, 'FAST-WebCrawler/', ''),(10, 1, 'Francis [Bot]', 12, 'http://www.neomo.de/', ''),(11, 1, 'Gigabot [Bot]', 13, 'Gigabot/', ''),(12, 1, 'Google Adsense [Bot]', 14, 'Mediapartners-Google', ''),(13, 1, 'Google Desktop', 15, 'Google Desktop', ''),(14, 1, 'Google Feedfetcher', 16, 'Feedfetcher-Google', ''),(15, 1, 'Google [Bot]', 17, 'Googlebot', ''),(16, 1, 'Heise IT-Markt [Crawler]', 18, 'heise-IT-Markt-Crawler', ''),(17, 1, 'Heritrix [Crawler]', 19, 'heritrix/1.', ''),(18, 1, 'IBM Research [Bot]', 20, 'ibm.com/cs/crawler', ''),(19, 1, 'ICCrawler - ICjobs', 21, 'ICCrawler - ICjobs', ''),(20, 1, 'ichiro [Crawler]', 22, 'ichiro/', ''),(21, 1, 'Majestic-12 [Bot]', 23, 'MJ12bot/', ''),(22, 1, 'Metager [Bot]', 24, 'MetagerBot/', ''),(23, 1, 'MSN NewsBlogs', 25, 'msnbot-NewsBlogs/', ''),(24, 1, 'MSN [Bot]', 26, 'msnbot/', ''),(25, 1, 'MSNbot Media', 27, 'msnbot-media/', ''),(26, 1, 'Nutch [Bot]', 28, 'http://lucene.apache.org/nutch/', ''),(27, 1, 'Online link [Validator]', 29, 'online link validator', ''),(28, 1, 'psbot [Picsearch]', 30, 'psbot/0', ''),(29, 1, 'Sensis [Crawler]', 31, 'Sensis Web Crawler', ''),(30, 1, 'SEO Crawler', 32, 'SEO search Crawler/', ''),(31, 1, 'Seoma [Crawler]', 33, 'Seoma [SEO Crawler]', ''),(32, 1, 'SEOSearch [Crawler]', 34, 'SEOsearch/', ''),(33, 1, 'Snappy [Bot]', 35, 'Snappy/1.1 ( http://www.urltrends.com/ )', ''),(34, 1, 'Steeler [Crawler]', 36, 'http://www.tkl.iis.u-tokyo.ac.jp/~crawler/', ''),(35, 1, 'Telekom [Bot]', 37, 'crawleradmin.t-info@telekom.de', ''),(36, 1, 'TurnitinBot [Bot]', 38, 'TurnitinBot/', ''),(37, 1, 'Voyager [Bot]', 39, 'voyager/', ''),(38, 1, 'W3 [Sitesearch]', 40, 'W3 SiteSearch Crawler', ''),(39, 1, 'W3C [Linkcheck]', 41, 'W3C-checklink/', ''),(40, 1, 'W3C [Validator]', 42, 'W3C_Validator', ''),(41, 1, 'YaCy [Bot]', 43, 'yacybot', ''),(42, 1, 'Yahoo MMCrawler [Bot]', 44, 'Yahoo-MMCrawler/', ''),(43, 1, 'Yahoo Slurp [Bot]', 45, 'Yahoo! DE Slurp', ''),(44, 1, 'Yahoo [Bot]', 46, 'Yahoo! Slurp', ''),(45, 1, 'YahooSeeker [Bot]', 47, 'YahooSeeker/', '');

# Table: phpbb_config
DROP TABLE IF EXISTS phpbb_config;
CREATE TABLE `phpbb_config` (
  `config_name` varchar(255) COLLATE utf8_bin NOT NULL DEFAULT '',
  `config_value` varchar(255) COLLATE utf8_bin NOT NULL DEFAULT '',
  `is_dynamic` tinyint(1) unsigned NOT NULL DEFAULT 0,
  PRIMARY KEY (`config_name`),
  KEY `is_dynamic` (`is_dynamic`)
) ENGINE=InnoDB DEFAULT CHARSET=utf8 COLLATE=utf8_bin;

INSERT INTO phpbb_config (config_name, config_value, is_dynamic) VALUES ('active_sessions', '0', 0),('allow_attachments', '1', 0),('allow_autologin', '1', 0),('allow_avatar', '1', 0),('allow_avatar_gravatar', '0', 0),('allow_avatar_local', '0', 0),('allow_avatar_remote', '0', 0),('allow_avatar_remote_upload', '0', 0),('allow_avatar_upload', '1', 0),('allow_bbcode', '1', 0),('allow_birthdays', '1', 0),('allow_board_notifications', '1', 0),('allow_bookmarks', '1', 0),('allow_cdn', '0', 0),('allow_emailreuse', '0', 0),('allow_forum_notify', '1', 0),('allow_live_searches', '1', 0),('allow_mass_pm', '1', 0),('allow_name_chars', 'USERNAME_CHARS_ANY', 0),('allow_namechange', '0', 0),('allow_nocensors', '0', 0),('allow_password_reset', '1', 0),('allow_pm_attach', '0', 0),('allow_pm_report', '1', 0),('allow_post_flash', '1', 0),('allow_post_links', '1', 0),('allow_privmsg', '1', 0),('allow_quick_reply', '1', 0),('allow_sig', '1', 0),('allow_sig_bbcode', '1', 0),('allow_sig_flash', '0', 0),('allow_sig_img', '1', 0),('allow_sig_links', '1', 0),('allow_sig_pm', '1', 0),('allow_sig_smilies', '1', 0),('allow_smilies', '1', 0),('allow_topic_notify', '1', 0),('allow_viglink_phpbb', '1', 0),('allowed_schemes_links', 'http,https,ftp', 0),('assets_version', '3', 0),('attachment_quota', '52428800', 0),('auth_bbcode_pm', '1', 0),('auth_flash_pm', '0', 0),('auth_img_pm', '1', 0),('auth_method', 'db', 0),('auth_smilies_pm', '1', 0),('avatar_filesize', '6144', 0),('avatar_gallery_path', 'images/avatars/gallery', 0),('avatar_max_height', '90', 0),('avatar_max_width', '90', 0),('avatar_min_height', '20', 0),('avatar_min_width', '20', 0),('avatar_path', 'images/avatars/upload', 0),('avatar_salt', 'a35318a633707069276eaa91eb05ed31', 0),('board_contact', 'vase_trendafilov@hotmail.com', 0),('board_contact_name', '', 0),('board_disable', '0', 0),('board_disable_msg', '', 0),('board_email', 'vase_trendafilov@hotmail.com', 0),('board_email_form', '0', 0),('board_email_sig', 'Thanks, The Management', 0),('board_hide_emails', '1', 0),('board_index_text', '', 0),('board_startdate', '1580733503', 0),('board_timezone', 'UTC', 0),('browser_check', '1', 0),('bump_interval', '10', 0),('bump_type', 'd', 0),('cache_gc', '7200', 0),('cache_last_gc', '1581277746', 1),('captcha_gd', '1', 0),('captcha_gd_3d_noise', '1', 0),('captcha_gd_fonts', '1', 0),('captcha_gd_foreground_noise', '0', 0),('captcha_gd_wave', '0', 0),('captcha_gd_x_grid', '25', 0),('captcha_gd_y_grid', '25', 0),('captcha_plugin', 'core.captcha.plugins.gd', 0),('check_attachment_content', '1', 0),('check_dnsbl', '0', 0),('chg_passforce', '0', 0),('confirm_refresh', '1', 0),('contact_admin_form_enable', '1', 0),('cookie_domain', 'student-community.000webhostapp.com', 0),('cookie_name', 'phpbb3_jep58', 0),('cookie_path', '/', 0),('cookie_secure', '1', 0),('coppa_enable', '0', 0),('coppa_fax', '', 0),('coppa_mail', '', 0),('cron_lock', '0', 1),('database_gc', '604800', 0),('database_last_gc', '1580733930', 1),('dbms_version', '10.3.16-MariaDB', 0),('default_dateformat', 'D M d, Y g:i a', 0),('default_lang', 'en', 0),('default_style', '1', 0),('delete_time', '0', 0),('display_last_edited', '1', 0),('display_last_subject', '1', 0),('display_order', '0', 0),('edit_time', '0', 0),('email_check_mx', '1', 0),('email_enable', '1', 0),('email_force_sender', '0', 0),('email_max_chunk_size', '50', 0),('email_package_size', '20', 0),('enable_accurate_pm_button', '1', 0),('enable_confirm', '1', 0),('enable_mod_rewrite', '0', 0),('enable_pm_icons', '1', 0),('enable_post_confirm', '1', 0),('extension_force_unstable', '0', 0),('feed_enable', '1', 0),('feed_forum', '1', 0),('feed_http_auth', '0', 0),('feed_item_statistics', '1', 0),('feed_limit_post', '15', 0),('feed_limit_topic', '10', 0),('feed_overall', '1', 0),('feed_overall_forums', '0', 0),('feed_topic', '1', 0),('feed_topics_active', '0', 0),('feed_topics_new', '1', 0),('flood_interval', '15', 0),('force_server_vars', '0', 0),('form_token_lifetime', '7200', 0),('form_token_mintime', '0', 0),('form_token_sid_guests', '1', 0),('forward_pm', '1', 0),('forwarded_for_check', '0', 0),('full_folder_action', '2', 0),('fulltext_mysql_max_word_len', '254', 0),('fulltext_mysql_min_word_len', '4', 0),('fulltext_native_common_thres', '5', 0),('fulltext_native_load_upd', '1', 0),('fulltext_native_max_chars', '14', 0),('fulltext_native_min_chars', '3', 0),('fulltext_postgres_max_word_len', '254', 0),('fulltext_postgres_min_word_len', '4', 0),('fulltext_postgres_ts_name', 'simple', 0),('fulltext_sphinx_indexer_mem_limit', '512', 0),('fulltext_sphinx_stopwords', '0', 0),('gzip_compress', '0', 0),('help_send_statistics', '1', 0),('help_send_statistics_time', '1580733520', 0),('hot_threshold', '25', 0),('icons_path', 'images/icons', 0),('img_create_thumbnail', '0', 0),('img_display_inlined', '1', 0),('img_link_height', '0', 0),('img_link_width', '0', 0),('img_max_height', '0', 0),('img_max_thumb_width', '400', 0),('img_max_width', '0', 0),('img_min_thumb_filesize', '12000', 0),('ip_check', '3', 0),('ip_login_limit_max', '50', 0),('ip_login_limit_time', '21600', 0),('ip_login_limit_use_forwarded', '0', 0),('jab_enable', '0', 0),('jab_host', '', 0),('jab_package_size', '20', 0),('jab_password', '', 0),('jab_port', '5222', 0),('jab_use_ssl', '0', 0),('jab_username', '', 0),('last_queue_run', '0', 1),('ldap_base_dn', '', 0),('ldap_email', '', 0),('ldap_password', '', 0),('ldap_port', '', 0),('ldap_server', '', 0),('ldap_uid', '', 0),('ldap_user', '', 0),('ldap_user_filter', '', 0),('legend_sort_groupname', '0', 0),('limit_load', '0', 0),('limit_search_load', '0', 0),('load_anon_lastread', '0', 0),('load_birthdays', '0', 0),('load_cpf_memberlist', '1', 0),('load_cpf_pm', '1', 0),('load_cpf_viewprofile', '1', 0),('load_cpf_viewtopic', '1', 0),('load_db_lastread', '1', 0),('load_db_track', '1', 0),('load_jquery_url', '//ajax.googleapis.com/ajax/libs/jquery/3.4.1/jquery.min.js', 0),('load_jumpbox', '1', 0),('load_moderators', '1', 0),('load_notifications', '1', 0),('load_online', '0', 0),('load_online_guests', '1', 0),('load_online_time', '5', 0),('load_onlinetrack', '1', 0),('load_search', '1', 0),('load_tplcompile', '1', 0),('load_unreads_search', '1', 0),('load_user_activity', '1', 0),('load_user_activity_limit', '5000', 0),('max_attachments', '3', 0),('max_attachments_pm', '1', 0),('max_autologin_time', '0', 0),('max_filesize', '262144', 0),('max_filesize_pm', '262144', 0),('max_login_attempts', '3', 0),('max_name_chars', '20', 0),('max_num_search_keywords', '10', 0),('max_poll_options', '10', 0),('max_post_chars', '60000', 0),('max_post_font_size', '200', 0),('max_post_img_height', '0', 0),('max_post_img_width', '0', 0),('max_post_smilies', '0', 0),('max_post_urls', '0', 0),('max_quote_depth', '3', 0),('max_reg_attempts', '5', 0),('max_sig_chars', '255', 0),('max_sig_font_size', '200', 0),('max_sig_img_height', '0', 0),('max_sig_img_width', '0', 0),('max_sig_smilies', '0', 0),('max_sig_urls', '5', 0),('mime_triggers', 'body|head|html|img|plaintext|a href|pre|script|table|title', 0),('min_name_chars', '3', 0),('min_pass_chars', '6', 0),('min_post_chars', '1', 0),('min_search_author_chars', '3', 0),('new_member_group_default', '0', 0),('new_member_post_limit', '3', 0),('newest_user_colour', '', 1),('newest_user_id', '49', 1),('newest_username', 'damch', 1),('num_files', '0', 1),('num_posts', '10', 1),('num_topics', '5', 1),('num_users', '3', 1),('override_user_style', '0', 0),('pass_complex', 'PASS_TYPE_ANY', 0),('phpbb_viglink_api_key', 'e4fd14f5d7f2bb6d80b8f8da1354718c', 0),('plupload_last_gc', '0', 1),('plupload_salt', '338e9f77d9a04cc74e6aeb50bdd0d74f', 0),('pm_edit_time', '0', 0),('pm_max_boxes', '4', 0),('pm_max_msgs', '50', 0),('pm_max_recipients', '0', 0),('posts_per_page', '10', 0),('print_pm', '1', 0),('questionnaire_unique_id', 'cxmvp0ct3je16mhv', 0),('queue_interval', '60', 0),('rand_seed', '0', 1),('rand_seed_last_update', '0', 1),('ranks_path', 'images/ranks', 0),('read_notification_expire_days', '30', 0),('read_notification_gc', '86400', 0),('read_notification_last_gc', '1581277767', 1),('record_online_date', '0', 1),('record_online_users', '0', 1),('referer_validation', '0', 0),('remote_upload_verify', '0', 0),('require_activation', '0', 0),('script_path', '/', 0),('search_anonymous_interval', '0', 0),('search_block_size', '250', 0),('search_gc', '7200', 0),('search_indexing_state', '', 1),('search_interval', '0', 0),('search_last_gc', '1581277749', 1),('search_store_results', '1800', 0),('search_type', '\\phpbb\\search\\fulltext_native', 0),('secure_allow_deny', '1', 0),('secure_allow_empty_referer', '1', 0),('secure_downloads', '0', 0),('server_name', 'student-community.000webhostapp.com', 0),('server_port', '443', 0),('server_protocol', 'https://', 0),('session_gc', '3600', 0),('session_last_gc', '1581277766', 1),('session_length', '3600', 0),('site_desc', 'Hi There i am up', 0),('site_home_text', '', 0),('site_home_url', '', 0),('sitename', 'Student Community', 0),('smilies_path', 'images/smilies', 0),('smilies_per_page', '50', 0),('smtp_auth_method', 'PLAIN', 0),('smtp_delivery', '0', 0),('smtp_host', '', 0),('smtp_password', 'vase0137', 1),('smtp_port', '', 0),('smtp_username', 'vase', 1),('teampage_forums', '1', 0),('teampage_memberships', '1', 0),('topics_per_page', '25', 0),('tpl_allow_php', '0', 0),('upload_dir_size', '0', 1),('upload_icons_path', 'images/upload_icons', 0),('upload_path', 'files', 0),('use_system_cron', '0', 0),('version', '3.3.0', 0),('viglink_api_siteid', 'd41d8cd98f00b204e9800998ecf8427e', 0),('viglink_ask_admin', '1580733520', 0),('viglink_ask_admin_last', '0', 0),('viglink_convert_account_url', '', 0),('viglink_enabled', '1', 0),('viglink_last_gc', '1581277771', 1),('warnings_expire_days', '90', 0),('warnings_gc', '14400', 0),('warnings_last_gc', '1581277736', 1);

# Table: phpbb_config_text
DROP TABLE IF EXISTS phpbb_config_text;
CREATE TABLE `phpbb_config_text` (
  `config_name` varchar(255) COLLATE utf8_bin NOT NULL DEFAULT '',
  `config_value` mediumtext COLLATE utf8_bin NOT NULL,
  PRIMARY KEY (`config_name`)
) ENGINE=InnoDB DEFAULT CHARSET=utf8 COLLATE=utf8_bin;

INSERT INTO phpbb_config_text (config_name, config_value) VALUES ('contact_admin_info', ''),('contact_admin_info_bitfield', ''),('contact_admin_info_flags', '7'),('contact_admin_info_uid', '');

# Table: phpbb_confirm
DROP TABLE IF EXISTS phpbb_confirm;
CREATE TABLE `phpbb_confirm` (
  `confirm_id` char(32) COLLATE utf8_bin NOT NULL DEFAULT '',
  `session_id` char(32) COLLATE utf8_bin NOT NULL DEFAULT '',
  `confirm_type` tinyint(3) NOT NULL DEFAULT 0,
  `code` varchar(8) COLLATE utf8_bin NOT NULL DEFAULT '',
  `seed` int(10) unsigned NOT NULL DEFAULT 0,
  `attempts` mediumint(8) unsigned NOT NULL DEFAULT 0,
  PRIMARY KEY (`session_id`,`confirm_id`),
  KEY `confirm_type` (`confirm_type`)
) ENGINE=InnoDB DEFAULT CHARSET=utf8 COLLATE=utf8_bin;

# Table: phpbb_disallow
DROP TABLE IF EXISTS phpbb_disallow;
CREATE TABLE `phpbb_disallow` (
  `disallow_id` mediumint(8) unsigned NOT NULL AUTO_INCREMENT,
  `disallow_username` varchar(255) COLLATE utf8_bin NOT NULL DEFAULT '',
  PRIMARY KEY (`disallow_id`)
) ENGINE=InnoDB DEFAULT CHARSET=utf8 COLLATE=utf8_bin;

# Table: phpbb_drafts
DROP TABLE IF EXISTS phpbb_drafts;
CREATE TABLE `phpbb_drafts` (
  `draft_id` int(10) unsigned NOT NULL AUTO_INCREMENT,
  `user_id` int(10) unsigned NOT NULL DEFAULT 0,
  `topic_id` int(10) unsigned NOT NULL DEFAULT 0,
  `forum_id` mediumint(8) unsigned NOT NULL DEFAULT 0,
  `save_time` int(11) unsigned NOT NULL DEFAULT 0,
  `draft_subject` varchar(255) COLLATE utf8_bin NOT NULL DEFAULT '',
  `draft_message` mediumtext COLLATE utf8_bin NOT NULL,
  PRIMARY KEY (`draft_id`),
  KEY `save_time` (`save_time`)
) ENGINE=InnoDB DEFAULT CHARSET=utf8 COLLATE=utf8_bin;

# Table: phpbb_ext
DROP TABLE IF EXISTS phpbb_ext;
CREATE TABLE `phpbb_ext` (
  `ext_name` varchar(255) COLLATE utf8_bin NOT NULL DEFAULT '',
  `ext_active` tinyint(1) unsigned NOT NULL DEFAULT 0,
  `ext_state` text COLLATE utf8_bin NOT NULL,
  UNIQUE KEY `ext_name` (`ext_name`)
) ENGINE=InnoDB DEFAULT CHARSET=utf8 COLLATE=utf8_bin;

INSERT INTO phpbb_ext (ext_name, ext_active, ext_state) VALUES ('phpbb/viglink', 1, 'b:0;');

# Table: phpbb_extension_groups
DROP TABLE IF EXISTS phpbb_extension_groups;
CREATE TABLE `phpbb_extension_groups` (
  `group_id` mediumint(8) unsigned NOT NULL AUTO_INCREMENT,
  `group_name` varchar(255) COLLATE utf8_bin NOT NULL DEFAULT '',
  `cat_id` tinyint(2) NOT NULL DEFAULT 0,
  `allow_group` tinyint(1) unsigned NOT NULL DEFAULT 0,
  `download_mode` tinyint(1) unsigned NOT NULL DEFAULT 1,
  `upload_icon` varchar(255) COLLATE utf8_bin NOT NULL DEFAULT '',
  `max_filesize` int(20) unsigned NOT NULL DEFAULT 0,
  `allowed_forums` text COLLATE utf8_bin NOT NULL,
  `allow_in_pm` tinyint(1) unsigned NOT NULL DEFAULT 0,
  PRIMARY KEY (`group_id`)
) ENGINE=InnoDB AUTO_INCREMENT=6 DEFAULT CHARSET=utf8 COLLATE=utf8_bin;

INSERT INTO phpbb_extension_groups (group_id, group_name, cat_id, allow_group, download_mode, upload_icon, max_filesize, allowed_forums, allow_in_pm) VALUES (1, 'IMAGES', 1, 1, 1, '', 0, '', 0),(2, 'ARCHIVES', 0, 1, 1, '', 0, '', 0),(3, 'PLAIN_TEXT', 0, 0, 1, '', 0, '', 0),(4, 'DOCUMENTS', 0, 0, 1, '', 0, '', 0),(5, 'DOWNLOADABLE_FILES', 0, 0, 1, '', 0, '', 0);

# Table: phpbb_extensions
DROP TABLE IF EXISTS phpbb_extensions;
CREATE TABLE `phpbb_extensions` (
  `extension_id` mediumint(8) unsigned NOT NULL AUTO_INCREMENT,
  `group_id` mediumint(8) unsigned NOT NULL DEFAULT 0,
  `extension` varchar(100) COLLATE utf8_bin NOT NULL DEFAULT '',
  PRIMARY KEY (`extension_id`)
) ENGINE=InnoDB AUTO_INCREMENT=55 DEFAULT CHARSET=utf8 COLLATE=utf8_bin;

INSERT INTO phpbb_extensions (extension_id, group_id, extension) VALUES (1, 1, 'gif'),(2, 1, 'png'),(3, 1, 'jpeg'),(4, 1, 'jpg'),(5, 1, 'tif'),(6, 1, 'tiff'),(7, 1, 'tga'),(8, 2, 'gtar'),(9, 2, 'gz'),(10, 2, 'tar'),(11, 2, 'zip'),(12, 2, 'rar'),(13, 2, 'ace'),(14, 2, 'torrent'),(15, 2, 'tgz'),(16, 2, 'bz2'),(17, 2, '7z'),(18, 3, 'txt'),(19, 3, 'c'),(20, 3, 'h'),(21, 3, 'cpp'),(22, 3, 'hpp'),(23, 3, 'diz'),(24, 3, 'csv'),(25, 3, 'ini'),(26, 3, 'log'),(27, 3, 'js'),(28, 3, 'xml'),(29, 4, 'xls'),(30, 4, 'xlsx'),(31, 4, 'xlsm'),(32, 4, 'xlsb'),(33, 4, 'doc'),(34, 4, 'docx'),(35, 4, 'docm'),(36, 4, 'dot'),(37, 4, 'dotx'),(38, 4, 'dotm'),(39, 4, 'pdf'),(40, 4, 'ai'),(41, 4, 'ps'),(42, 4, 'ppt'),(43, 4, 'pptx'),(44, 4, 'pptm'),(45, 4, 'odg'),(46, 4, 'odp'),(47, 4, 'ods'),(48, 4, 'odt'),(49, 4, 'rtf'),(50, 5, 'mp3'),(51, 5, 'mpeg'),(52, 5, 'mpg'),(53, 5, 'ogg'),(54, 5, 'ogm');

# Table: phpbb_forums
DROP TABLE IF EXISTS phpbb_forums;
CREATE TABLE `phpbb_forums` (
  `forum_id` mediumint(8) unsigned NOT NULL AUTO_INCREMENT,
  `parent_id` mediumint(8) unsigned NOT NULL DEFAULT 0,
  `left_id` mediumint(8) unsigned NOT NULL DEFAULT 0,
  `right_id` mediumint(8) unsigned NOT NULL DEFAULT 0,
  `forum_parents` mediumtext COLLATE utf8_bin NOT NULL,
  `forum_name` varchar(255) COLLATE utf8_bin NOT NULL DEFAULT '',
  `forum_desc` text COLLATE utf8_bin NOT NULL,
  `forum_desc_bitfield` varchar(255) COLLATE utf8_bin NOT NULL DEFAULT '',
  `forum_desc_options` int(11) unsigned NOT NULL DEFAULT 7,
  `forum_desc_uid` varchar(8) COLLATE utf8_bin NOT NULL DEFAULT '',
  `forum_link` varchar(255) COLLATE utf8_bin NOT NULL DEFAULT '',
  `forum_password` varchar(255) COLLATE utf8_bin NOT NULL DEFAULT '',
  `forum_style` mediumint(8) unsigned NOT NULL DEFAULT 0,
  `forum_image` varchar(255) COLLATE utf8_bin NOT NULL DEFAULT '',
  `forum_rules` text COLLATE utf8_bin NOT NULL,
  `forum_rules_link` varchar(255) COLLATE utf8_bin NOT NULL DEFAULT '',
  `forum_rules_bitfield` varchar(255) COLLATE utf8_bin NOT NULL DEFAULT '',
  `forum_rules_options` int(11) unsigned NOT NULL DEFAULT 7,
  `forum_rules_uid` varchar(8) COLLATE utf8_bin NOT NULL DEFAULT '',
  `forum_topics_per_page` smallint(4) unsigned NOT NULL DEFAULT 0,
  `forum_type` tinyint(4) NOT NULL DEFAULT 0,
  `forum_status` tinyint(4) NOT NULL DEFAULT 0,
  `forum_last_post_id` int(10) unsigned NOT NULL DEFAULT 0,
  `forum_last_poster_id` int(10) unsigned NOT NULL DEFAULT 0,
  `forum_last_post_subject` varchar(255) COLLATE utf8_bin NOT NULL DEFAULT '',
  `forum_last_post_time` int(11) unsigned NOT NULL DEFAULT 0,
  `forum_last_poster_name` varchar(255) COLLATE utf8_bin NOT NULL DEFAULT '',
  `forum_last_poster_colour` varchar(6) COLLATE utf8_bin NOT NULL DEFAULT '',
  `forum_flags` tinyint(4) NOT NULL DEFAULT 32,
  `display_on_index` tinyint(1) unsigned NOT NULL DEFAULT 1,
  `enable_indexing` tinyint(1) unsigned NOT NULL DEFAULT 1,
  `enable_icons` tinyint(1) unsigned NOT NULL DEFAULT 1,
  `enable_prune` tinyint(1) unsigned NOT NULL DEFAULT 0,
  `prune_next` int(11) unsigned NOT NULL DEFAULT 0,
  `prune_days` mediumint(8) unsigned NOT NULL DEFAULT 0,
  `prune_viewed` mediumint(8) unsigned NOT NULL DEFAULT 0,
  `prune_freq` mediumint(8) unsigned NOT NULL DEFAULT 0,
  `display_subforum_list` tinyint(1) unsigned NOT NULL DEFAULT 1,
  `display_subforum_limit` tinyint(1) unsigned NOT NULL DEFAULT 0,
  `forum_options` int(20) unsigned NOT NULL DEFAULT 0,
  `forum_posts_approved` mediumint(8) unsigned NOT NULL DEFAULT 0,
  `forum_posts_unapproved` mediumint(8) unsigned NOT NULL DEFAULT 0,
  `forum_posts_softdeleted` mediumint(8) unsigned NOT NULL DEFAULT 0,
  `forum_topics_approved` mediumint(8) unsigned NOT NULL DEFAULT 0,
  `forum_topics_unapproved` mediumint(8) unsigned NOT NULL DEFAULT 0,
  `forum_topics_softdeleted` mediumint(8) unsigned NOT NULL DEFAULT 0,
  `enable_shadow_prune` tinyint(1) unsigned NOT NULL DEFAULT 0,
  `prune_shadow_days` mediumint(8) unsigned NOT NULL DEFAULT 7,
  `prune_shadow_freq` mediumint(8) unsigned NOT NULL DEFAULT 1,
  `prune_shadow_next` int(11) NOT NULL DEFAULT 0,
  PRIMARY KEY (`forum_id`),
  KEY `left_right_id` (`left_id`,`right_id`),
  KEY `forum_lastpost_id` (`forum_last_post_id`)
) ENGINE=InnoDB AUTO_INCREMENT=186 DEFAULT CHARSET=utf8 COLLATE=utf8_bin;

INSERT INTO phpbb_forums (forum_id, parent_id, left_id, right_id, forum_parents, forum_name, forum_desc, forum_desc_bitfield, forum_desc_options, forum_desc_uid, forum_link, forum_password, forum_style, forum_image, forum_rules, forum_rules_link, forum_rules_bitfield, forum_rules_options, forum_rules_uid, forum_topics_per_page, forum_type, forum_status, forum_last_post_id, forum_last_poster_id, forum_last_post_subject, forum_last_post_time, forum_last_poster_name, forum_last_poster_colour, forum_flags, display_on_index, enable_indexing, enable_icons, enable_prune, prune_next, prune_days, prune_viewed, prune_freq, display_subforum_list, display_subforum_limit, forum_options, forum_posts_approved, forum_posts_unapproved, forum_posts_softdeleted, forum_topics_approved, forum_topics_unapproved, forum_topics_softdeleted, enable_shadow_prune, prune_shadow_days, prune_shadow_freq, prune_shadow_next) VALUES (68, 0, 1, 166, '', 'Универзитети', '', '', 7, '', '', '', 0, '/styles/prosilver/theme/images/forum_icon/university.png', '', '', '', 7, '', 0, 0, 0, 0, 0, '', 0, '', '', 32, 1, 1, 1, 0, 0, 7, 7, 1, 1, 0, 0, 0, 0, 0, 0, 0, 0, 0, 7, 1, 0),(69, 68, 2, 63, '', 'УНИВЕРЗИТЕТ „СВ.КИРИЛ И МЕТОДИЈ&quot; СКОПЈЕ', '', '', 7, '', '', '', 0, '/styles/prosilver/theme/images/forum_icon/university.png', '', '', '', 7, '', 0, 1, 0, 0, 0, '', 0, '', '', 48, 1, 1, 1, 0, 0, 7, 7, 1, 1, 0, 0, 0, 0, 0, 0, 0, 0, 0, 7, 1, 0),(70, 68, 64, 89, '', 'УНИВЕРЗИТЕТ „КЛИМЕНТ ОХРИДСКИ&quot; БИТОЛА', '', '', 7, '', '', '', 0, '/styles/prosilver/theme/images/forum_icon/university.png', '', '', '', 7, '', 0, 1, 0, 0, 0, '', 0, '', '', 48, 1, 1, 1, 0, 0, 7, 7, 1, 1, 0, 0, 0, 0, 0, 0, 0, 0, 0, 7, 1, 0),(71, 69, 3, 62, '', 'Факултети', '', '', 7, '', '', '', 0, '/styles/prosilver/theme/images/forum_icon/school.png', '', '', '', 7, '', 0, 0, 0, 0, 0, '', 0, '', '', 32, 1, 1, 1, 0, 0, 7, 7, 1, 1, 0, 0, 0, 0, 0, 0, 0, 0, 0, 7, 1, 0),(72, 71, 4, 19, '', 'Факултет за информатички науки и компјутерско инжинерство (ФИНКИ)', '', '', 7, '', '', '', 0, '/styles/prosilver/theme/images/forum_icon/school.png', '', '', '', 7, '', 0, 1, 0, 0, 0, '', 0, '', '', 48, 1, 1, 1, 0, 0, 7, 7, 1, 1, 0, 0, 0, 0, 0, 0, 0, 0, 0, 7, 1, 0),(73, 71, 20, 21, '', 'Архитектонски факултет', '', '', 7, '', '', '', 0, '/styles/prosilver/theme/images/forum_icon/school.png', '', '', '', 7, '', 0, 1, 0, 8, 2, 'Re: Ubav faks', 1580946819, 'vase', 'AA0000', 48, 1, 1, 1, 0, 0, 7, 7, 1, 1, 0, 0, 2, 0, 0, 1, 0, 0, 0, 7, 1, 0),(74, 71, 22, 23, '', 'Градежен факултет', '', '', 7, '', '', '', 0, '/styles/prosilver/theme/images/forum_icon/school.png', '', '', '', 7, '', 0, 1, 0, 0, 0, '', 0, '', '', 48, 1, 1, 1, 0, 0, 7, 7, 1, 1, 0, 0, 0, 0, 0, 0, 0, 0, 0, 7, 1, 0),(75, 71, 24, 25, '', 'Факултет за електротехника иинформациски технологии (ФЕИТ)', '', '', 7, '', '', '', 0, '/styles/prosilver/theme/images/forum_icon/school.png', '', '', '', 7, '', 0, 1, 0, 10, 49, 'Auff', 1580947034, 'damch', '', 48, 1, 1, 1, 0, 0, 7, 7, 1, 1, 0, 0, 1, 0, 0, 1, 0, 0, 0, 7, 1, 0),(77, 72, 5, 6, '', 'Предмети', '', '', 7, '', '', '', 0, '/styles/prosilver/theme/images/forum_icon/subject.png', '', '', '', 7, '', 0, 1, 0, 9, 49, 'Re: Zdravooo', 1580946972, 'damch', '', 48, 1, 1, 1, 0, 0, 7, 7, 1, 1, 0, 0, 6, 0, 0, 2, 0, 0, 0, 7, 1, 0),(78, 72, 7, 8, '', 'Feedback на професори/асистенти', '', '', 7, '', '', '', 0, '/styles/prosilver/theme/images/forum_icon/emotion.png', '', '', '', 7, '', 0, 1, 0, 0, 0, '', 0, '', '', 48, 1, 1, 1, 0, 0, 7, 7, 1, 1, 0, 0, 0, 0, 0, 0, 0, 0, 0, 7, 1, 0),(79, 72, 9, 10, '', 'Прашања/совети', '', '', 7, '', '', '', 0, '/styles/prosilver/theme/images/forum_icon/question.png', '', '', '', 7, '', 0, 1, 0, 0, 0, '', 0, '', '', 48, 1, 1, 1, 0, 0, 7, 7, 1, 1, 0, 0, 0, 0, 0, 0, 0, 0, 0, 7, 1, 0),(80, 72, 11, 12, '', 'Забава (гифови, мемиња...)', '', '', 7, '', '', '', 0, '/styles/prosilver/theme/images/forum_icon/fun.png', '', '', '', 7, '', 0, 1, 0, 0, 0, '', 0, '', '', 48, 1, 1, 1, 0, 0, 7, 7, 1, 1, 0, 0, 0, 0, 0, 0, 0, 0, 0, 7, 1, 0),(81, 72, 13, 14, '', 'Администрација', '', '', 7, '', '', '', 0, '/styles/prosilver/theme/images/forum_icon/man.png', '', '', '', 7, '', 0, 1, 0, 0, 0, '', 0, '', '', 48, 1, 1, 1, 0, 0, 7, 7, 1, 1, 0, 0, 0, 0, 0, 0, 0, 0, 0, 7, 1, 0),(82, 72, 15, 16, '', 'Настани', '', '', 7, '', '', '', 0, '/styles/prosilver/theme/images/forum_icon/calendar.png', '', '', '', 7, '', 0, 1, 0, 0, 0, '', 0, '', '', 48, 1, 1, 1, 0, 0, 7, 7, 1, 1, 0, 0, 0, 0, 0, 0, 0, 0, 0, 7, 1, 0),(83, 72, 17, 18, '', 'Правила при пишување на thread', '', '', 7, '', '', '', 0, '/styles/prosilver/theme/images/forum_icon/document.png', '', '', '', 7, '', 0, 1, 0, 0, 0, '', 0, '', '', 48, 1, 1, 1, 0, 0, 7, 7, 1, 1, 0, 0, 0, 0, 0, 0, 0, 0, 0, 7, 1, 0),(84, 0, 167, 208, '', 'Студентски домови', '', '', 7, '', '', '', 0, '/styles/prosilver/theme/images/forum_icon/architecture-and-city.png', '', '', '', 7, '', 0, 0, 0, 0, 0, '', 0, '', '', 32, 1, 1, 1, 0, 0, 7, 7, 1, 1, 0, 0, 0, 0, 0, 0, 0, 0, 0, 7, 1, 0),(85, 84, 168, 183, 'a:1:{i:84;a:2:{i:0;s:33:\"Студентски домови\";i:1;i:0;}}', '„Гоце Делчев&quot; - Скопје', '', '', 7, '', '', '', 0, '/styles/prosilver/theme/images/forum_icon/architecture-and-city.png', '', '', '', 7, '', 0, 1, 0, 0, 0, '', 0, '', '', 48, 1, 1, 1, 0, 0, 7, 7, 1, 1, 0, 0, 0, 0, 0, 0, 0, 0, 0, 7, 1, 0),(88, 85, 169, 170, '', 'Пофалби/ поплаки', '', '', 7, '', '', '', 0, '/styles/prosilver/theme/images/forum_icon/thumbs-down.png', '', '', '', 7, '', 0, 1, 0, 0, 0, '', 0, '', '', 48, 1, 1, 1, 0, 0, 7, 7, 1, 1, 0, 0, 0, 0, 0, 0, 0, 0, 0, 7, 1, 0),(89, 85, 171, 172, '', 'Прашања/совети', '', '', 7, '', '', '', 0, '/styles/prosilver/theme/images/forum_icon/question.png', '', '', '', 7, '', 0, 1, 0, 0, 0, '', 0, '', '', 48, 1, 1, 1, 0, 0, 7, 7, 1, 1, 0, 0, 0, 0, 0, 0, 0, 0, 0, 7, 1, 0),(90, 85, 173, 174, '', 'Забава (гифови,мемиња,видеа,...)', '', '', 7, '', '', '', 0, '/styles/prosilver/theme/images/forum_icon/fun.png', '', '', '', 7, '', 0, 1, 0, 0, 0, '', 0, '', '', 48, 1, 1, 1, 0, 0, 7, 7, 1, 1, 0, 0, 0, 0, 0, 0, 0, 0, 0, 7, 1, 0),(91, 85, 175, 176, '', 'Настани', '', '', 7, '', '', '', 0, '/styles/prosilver/theme/images/forum_icon/calendar.png', '', '', '', 7, '', 0, 1, 0, 0, 0, '', 0, '', '', 48, 1, 1, 1, 0, 0, 7, 7, 1, 1, 0, 0, 0, 0, 0, 0, 0, 0, 0, 7, 1, 0),(92, 85, 177, 178, '', 'Администрација', '', '', 7, '', '', '', 0, '/styles/prosilver/theme/images/forum_icon/man.png', '', '', '', 7, '', 0, 1, 0, 0, 0, '', 0, '', '', 48, 1, 1, 1, 0, 0, 7, 7, 1, 1, 0, 0, 0, 0, 0, 0, 0, 0, 0, 7, 1, 0),(93, 85, 179, 180, '', 'Размена на студентски домови', '', '', 7, '', '', '', 0, '/styles/prosilver/theme/images/forum_icon/change.png', '', '', '', 7, '', 0, 1, 0, 0, 0, '', 0, '', '', 48, 1, 1, 1, 0, 0, 7, 7, 1, 1, 0, 0, 0, 0, 0, 0, 0, 0, 0, 7, 1, 0),(94, 85, 181, 182, '', 'Правила при пишување на thread', '', '', 7, '', '', '', 0, '/styles/prosilver/theme/images/forum_icon/document.png', '', '', '', 7, '', 0, 1, 0, 0, 0, '', 0, '', '', 48, 1, 1, 1, 0, 0, 7, 7, 1, 1, 0, 0, 0, 0, 0, 0, 0, 0, 0, 7, 1, 0),(95, 0, 209, 212, '', 'StudentCommunity News', '', '', 7, '', '', '', 0, '/styles/prosilver/theme/images/forum_icon/news.png', '', '', '', 7, '', 0, 0, 0, 0, 0, '', 0, '', '', 32, 1, 1, 1, 0, 0, 7, 7, 1, 1, 0, 0, 0, 0, 0, 0, 0, 0, 0, 7, 1, 0),(96, 0, 213, 220, '', 'StudentCommunity Cafe', '', '', 7, '', '', '', 0, '/styles/prosilver/theme/images/forum_icon/fun.png', '', '', '', 7, '', 0, 0, 0, 0, 0, '', 0, '', '', 32, 1, 1, 1, 0, 0, 7, 7, 1, 1, 0, 0, 0, 0, 0, 0, 0, 0, 0, 7, 1, 0),(97, 96, 214, 215, '', 'Спорт', '', '', 7, '', '', '', 0, '/styles/prosilver/theme/images/forum_icon/ball.png', '', '', '', 7, '', 0, 1, 0, 0, 0, '', 0, '', '', 48, 1, 1, 1, 0, 0, 7, 7, 1, 1, 0, 0, 0, 0, 0, 0, 0, 0, 0, 7, 1, 0),(98, 96, 216, 217, '', 'Музика', '', '', 7, '', '', '', 0, '/styles/prosilver/theme/images/forum_icon/music-player.png', '', '', '', 7, '', 0, 1, 0, 0, 0, '', 0, '', '', 48, 1, 1, 1, 0, 0, 7, 7, 1, 1, 0, 0, 0, 0, 0, 0, 0, 0, 0, 7, 1, 0),(99, 96, 218, 219, '', 'Филмови и серии', '', '', 7, '', '', '', 0, '/styles/prosilver/theme/images/forum_icon/video-player.png', '', '', '', 7, '', 0, 1, 0, 0, 0, '', 0, '', '', 48, 1, 1, 1, 0, 0, 7, 7, 1, 1, 0, 0, 0, 0, 0, 0, 0, 0, 0, 7, 1, 0),(100, 0, 221, 226, '', 'Идеи', '', '', 7, '', '', '', 0, '/styles/prosilver/theme/images/forum_icon/lamp.png', '', '', '', 7, '', 0, 0, 0, 0, 0, '', 0, '', '', 32, 1, 1, 1, 0, 0, 7, 7, 1, 1, 0, 0, 0, 0, 0, 0, 0, 0, 0, 7, 1, 0),(101, 100, 222, 223, 'a:1:{i:100;a:2:{i:0;s:8:\"Идеи\";i:1;i:0;}}', 'Проекти', '', '', 7, '', '', '', 0, '/styles/prosilver/theme/images/forum_icon/report.png', '', '', '', 7, '', 0, 1, 0, 0, 0, '', 0, '', '', 48, 1, 1, 1, 0, 0, 7, 7, 1, 1, 0, 0, 0, 0, 0, 0, 0, 0, 0, 7, 1, 0),(102, 100, 224, 225, 'a:1:{i:100;a:2:{i:0;s:8:\"Идеи\";i:1;i:0;}}', 'Start ups', '', '', 7, '', '', '', 0, '/styles/prosilver/theme/images/forum_icon/rocket.png', '', '', '', 7, '', 0, 1, 0, 0, 0, '', 0, '', '', 48, 1, 1, 1, 0, 0, 7, 7, 1, 1, 0, 0, 0, 0, 0, 0, 0, 0, 0, 7, 1, 0),(103, 71, 26, 27, '', 'Машински факултет', '', '', 7, '', '', '', 0, '/styles/prosilver/theme/images/forum_icon/school.png', '', '', '', 7, '', 0, 1, 0, 0, 0, '', 0, '', '', 48, 1, 1, 1, 0, 0, 7, 7, 1, 1, 0, 0, 0, 0, 0, 0, 0, 0, 0, 7, 1, 0),(104, 71, 28, 29, '', 'Технолошко металуршки факултет', '', '', 7, '', '', '', 0, '/styles/prosilver/theme/images/forum_icon/school.png', '', '', '', 7, '', 0, 1, 0, 0, 0, '', 0, '', '', 48, 1, 1, 1, 0, 0, 7, 7, 1, 1, 0, 0, 0, 0, 0, 0, 0, 0, 0, 7, 1, 0),(105, 71, 30, 31, '', 'Природно-математички факултет', '', '', 7, '', '', '', 0, '/styles/prosilver/theme/images/forum_icon/school.png', '', '', '', 7, '', 0, 1, 0, 0, 0, '', 0, '', '', 48, 1, 1, 1, 0, 0, 7, 7, 1, 1, 0, 0, 0, 0, 0, 0, 0, 0, 0, 7, 1, 0),(106, 71, 32, 33, '', 'Економски факултет', '', '', 7, '', '', '', 0, '/styles/prosilver/theme/images/forum_icon/school.png', '', '', '', 7, '', 0, 1, 0, 0, 0, '', 0, '', '', 48, 1, 1, 1, 0, 0, 7, 7, 1, 1, 0, 0, 0, 0, 0, 0, 0, 0, 0, 7, 1, 0),(107, 71, 34, 35, '', 'Правен факултет', '', '', 7, '', '', '', 0, '/styles/prosilver/theme/images/forum_icon/school.png', '', '', '', 7, '', 0, 1, 0, 0, 0, '', 0, '', '', 48, 1, 1, 1, 0, 0, 7, 7, 1, 1, 0, 0, 0, 0, 0, 0, 0, 0, 0, 7, 1, 0),(108, 71, 36, 37, '', 'Филозофски факултет', '', '', 7, '', '', '', 0, '/styles/prosilver/theme/images/forum_icon/school.png', '', '', '', 7, '', 0, 1, 0, 0, 0, '', 0, '', '', 48, 1, 1, 1, 0, 0, 7, 7, 1, 1, 0, 0, 0, 0, 0, 0, 0, 0, 0, 7, 1, 0),(109, 71, 38, 39, '', 'Филолошки факултет „Блаже Конески“', '', '', 7, '', '', '', 0, '/styles/prosilver/theme/images/forum_icon/school.png', '', '', '', 7, '', 0, 1, 0, 0, 0, '', 0, '', '', 48, 1, 1, 1, 0, 0, 7, 7, 1, 1, 0, 0, 0, 0, 0, 0, 0, 0, 0, 7, 1, 0),(110, 71, 40, 41, '', 'Педагошки факултет „Св.Климент Охридски“', '', '', 7, '', '', '', 0, '/styles/prosilver/theme/images/forum_icon/school.png', '', '', '', 7, '', 0, 1, 0, 0, 0, '', 0, '', '', 48, 1, 1, 1, 0, 0, 7, 7, 1, 1, 0, 0, 0, 0, 0, 0, 0, 0, 0, 7, 1, 0),(111, 71, 42, 43, '', 'Воена академија „Михаил Апостолски&quot; Скопје', '', '', 7, '', '', '', 0, '/styles/prosilver/theme/images/forum_icon/school.png', '', '', '', 7, '', 0, 1, 0, 0, 0, '', 0, '', '', 48, 1, 1, 1, 0, 0, 7, 7, 1, 1, 0, 0, 0, 0, 0, 0, 0, 0, 0, 7, 1, 0),(112, 71, 44, 45, '', 'Медицински факултет', '', '', 7, '', '', '', 0, '/styles/prosilver/theme/images/forum_icon/school.png', '', '', '', 7, '', 0, 1, 0, 0, 0, '', 0, '', '', 48, 1, 1, 1, 0, 0, 7, 7, 1, 1, 0, 0, 0, 0, 0, 0, 0, 0, 0, 7, 1, 0),(113, 71, 46, 47, '', 'Фармацевтски факултет', '', '', 7, '', '', '', 0, '/styles/prosilver/theme/images/forum_icon/school.png', '', '', '', 7, '', 0, 1, 0, 0, 0, '', 0, '', '', 48, 1, 1, 1, 0, 0, 7, 7, 1, 1, 0, 0, 0, 0, 0, 0, 0, 0, 0, 7, 1, 0),(114, 71, 48, 49, '', 'Стоматолошки факултет', '', '', 7, '', '', '', 0, '/styles/prosilver/theme/images/forum_icon/school.png', '', '', '', 7, '', 0, 1, 0, 0, 0, '', 0, '', '', 48, 1, 1, 1, 0, 0, 7, 7, 1, 1, 0, 0, 0, 0, 0, 0, 0, 0, 0, 7, 1, 0),(115, 71, 50, 51, '', 'Факултет за физичка култура', '', '', 7, '', '', '', 0, '/styles/prosilver/theme/images/forum_icon/school.png', '', '', '', 7, '', 0, 1, 0, 0, 0, '', 0, '', '', 48, 1, 1, 1, 0, 0, 7, 7, 1, 1, 0, 0, 0, 0, 0, 0, 0, 0, 0, 7, 1, 0),(116, 71, 52, 53, '', 'Факултет за земјоделски науки и храна', '', '', 7, '', '', '', 0, '/styles/prosilver/theme/images/forum_icon/school.png', '', '', '', 7, '', 0, 1, 0, 0, 0, '', 0, '', '', 48, 1, 1, 1, 0, 0, 7, 7, 1, 1, 0, 0, 0, 0, 0, 0, 0, 0, 0, 7, 1, 0),(117, 71, 54, 55, '', 'Шумарски факултет', '', '', 7, '', '', '', 0, '/styles/prosilver/theme/images/forum_icon/school.png', '', '', '', 7, '', 0, 1, 0, 0, 0, '', 0, '', '', 48, 1, 1, 1, 0, 0, 7, 7, 1, 1, 0, 0, 0, 0, 0, 0, 0, 0, 0, 7, 1, 0),(118, 71, 56, 57, '', 'Факултет за драмски уметности', '', '', 7, '', '', '', 0, '/styles/prosilver/theme/images/forum_icon/school.png', '', '', '', 7, '', 0, 1, 0, 0, 0, '', 0, '', '', 48, 1, 1, 1, 0, 0, 7, 7, 1, 1, 0, 0, 0, 0, 0, 0, 0, 0, 0, 7, 1, 0),(119, 71, 58, 59, '', 'Факултет за ликовни уметности', '', '', 7, '', '', '', 0, '/styles/prosilver/theme/images/forum_icon/school.png', '', '', '', 7, '', 0, 1, 0, 0, 0, '', 0, '', '', 48, 1, 1, 1, 0, 0, 7, 7, 1, 1, 0, 0, 0, 0, 0, 0, 0, 0, 0, 7, 1, 0),(120, 71, 60, 61, '', 'Факултет за музичка уметност', '', '', 7, '', '', '', 0, '/styles/prosilver/theme/images/forum_icon/school.png', '', '', '', 7, '', 0, 1, 0, 0, 0, '', 0, '', '', 48, 1, 1, 1, 0, 0, 7, 7, 1, 1, 0, 0, 0, 0, 0, 0, 0, 0, 0, 7, 1, 0),(121, 70, 65, 88, '', 'Факултети', '', '', 7, '', '', '', 0, '/styles/prosilver/theme/images/forum_icon/school.png', '', '', '', 7, '', 0, 0, 0, 0, 0, '', 0, '', '', 32, 1, 1, 1, 0, 0, 7, 7, 1, 1, 0, 0, 0, 0, 0, 0, 0, 0, 0, 7, 1, 0),(122, 121, 66, 67, '', 'Технички факултет Битола', '', '', 7, '', '', '', 0, '/styles/prosilver/theme/images/forum_icon/school.png', '', '', '', 7, '', 0, 1, 0, 0, 0, '', 0, '', '', 48, 1, 1, 1, 0, 0, 7, 7, 1, 1, 0, 0, 0, 0, 0, 0, 0, 0, 0, 7, 1, 0),(123, 121, 68, 69, '', 'Економски факултет - Прилеп', '', '', 7, '', '', '', 0, '/styles/prosilver/theme/images/forum_icon/school.png', '', '', '', 7, '', 0, 1, 0, 0, 0, '', 0, '', '', 48, 1, 1, 1, 0, 0, 7, 7, 1, 1, 0, 0, 0, 0, 0, 0, 0, 0, 0, 7, 1, 0),(124, 121, 70, 71, '', 'Факултет за туризам и угостителство Охрид', '', '', 7, '', '', '', 0, '/styles/prosilver/theme/images/forum_icon/school.png', '', '', '', 7, '', 0, 1, 0, 0, 0, '', 0, '', '', 48, 1, 1, 1, 0, 0, 7, 7, 1, 1, 0, 0, 0, 0, 0, 0, 0, 0, 0, 7, 1, 0),(125, 121, 72, 73, '', 'Педагошки факултет Битола', '', '', 7, '', '', '', 0, '', '', '', '', 7, '', 0, 1, 0, 0, 0, '', 0, '', '', 48, 1, 1, 1, 0, 0, 7, 7, 1, 1, 0, 0, 0, 0, 0, 0, 0, 0, 0, 7, 1, 0),(126, 121, 74, 75, '', 'Факултет за администрација и менаџмент на информациски системи Битола', '', '', 7, '', '', '', 0, '/styles/prosilver/theme/images/forum_icon/school.png', '', '', '', 7, '', 0, 1, 0, 0, 0, '', 0, '', '', 48, 1, 1, 1, 0, 0, 7, 7, 1, 1, 0, 0, 0, 0, 0, 0, 0, 0, 0, 7, 1, 0),(127, 121, 76, 77, '', 'Факултет за биотехнички науки Битола', '', '', 7, '', '', '', 0, '', '', '', '', 7, '', 0, 1, 0, 0, 0, '', 0, '', '', 48, 1, 1, 1, 0, 0, 7, 7, 1, 1, 0, 0, 0, 0, 0, 0, 0, 0, 0, 7, 1, 0),(128, 121, 78, 79, '', 'Висока медицинска школа Битола', '', '', 7, '', '', '', 0, '/styles/prosilver/theme/images/forum_icon/school.png', '', '', '', 7, '', 0, 1, 0, 0, 0, '', 0, '', '', 48, 1, 1, 1, 0, 0, 7, 7, 1, 1, 0, 0, 0, 0, 0, 0, 0, 0, 0, 7, 1, 0),(129, 121, 80, 81, '', 'Факултет за безбедност - Скопје', '', '', 7, '', '', '', 0, '/styles/prosilver/theme/images/forum_icon/school.png', '', '', '', 7, '', 0, 1, 0, 0, 0, '', 0, '', '', 48, 1, 1, 1, 0, 0, 7, 7, 1, 1, 0, 0, 0, 0, 0, 0, 0, 0, 0, 7, 1, 0),(130, 121, 82, 83, '', 'Ветеринарен факултет', '', '', 7, '', '', '', 0, '/styles/prosilver/theme/images/forum_icon/school.png', '', '', '', 7, '', 0, 1, 0, 0, 0, '', 0, '', '', 48, 1, 1, 1, 0, 0, 7, 7, 1, 1, 0, 0, 0, 0, 0, 0, 0, 0, 0, 7, 1, 0),(131, 121, 84, 85, '', 'Правен факултет - Кичево', '', '', 7, '', '', '', 0, '/styles/prosilver/theme/images/forum_icon/school.png', '', '', '', 7, '', 0, 1, 0, 0, 0, '', 0, '', '', 48, 1, 1, 1, 0, 0, 7, 7, 1, 1, 0, 0, 0, 0, 0, 0, 0, 0, 0, 7, 1, 0),(132, 121, 86, 87, '', 'Техничко-технолошки факултет - Велес', '', '', 7, '', '', '', 0, '/styles/prosilver/theme/images/forum_icon/school.png', '', '', '', 7, '', 0, 1, 0, 0, 0, '', 0, '', '', 48, 1, 1, 1, 0, 0, 7, 7, 1, 1, 0, 0, 0, 0, 0, 0, 0, 0, 0, 7, 1, 0),(133, 68, 90, 115, '', 'УНИВЕРЗИТЕТ &quot; ГОЦЕ ДЕЛЧЕВ&quot; ШТИП', '', '', 7, '', '', '', 0, '/styles/prosilver/theme/images/forum_icon/university.png', '', '', '', 7, '', 0, 1, 0, 0, 0, '', 0, '', '', 48, 1, 1, 1, 0, 0, 7, 7, 1, 1, 0, 0, 0, 0, 0, 0, 0, 0, 0, 7, 1, 0),(134, 133, 91, 114, '', 'Факултети', '', '', 7, '', '', '', 0, '/styles/prosilver/theme/images/forum_icon/school.png', '', '', '', 7, '', 0, 0, 0, 0, 0, '', 0, '', '', 32, 1, 1, 1, 0, 0, 7, 7, 1, 1, 0, 0, 0, 0, 0, 0, 0, 0, 0, 7, 1, 0),(135, 134, 92, 93, '', 'Правен факултет', '', '', 7, '', '', '', 0, '/styles/prosilver/theme/images/forum_icon/school.png', '', '', '', 7, '', 0, 1, 0, 0, 0, '', 0, '', '', 48, 1, 1, 1, 0, 0, 7, 7, 1, 1, 0, 0, 0, 0, 0, 0, 0, 0, 0, 7, 1, 0),(136, 134, 94, 95, '', 'Економски факултет', '', '', 7, '', '', '', 0, '/styles/prosilver/theme/images/forum_icon/school.png', '', '', '', 7, '', 0, 1, 0, 0, 0, '', 0, '', '', 48, 1, 1, 1, 0, 0, 7, 7, 1, 1, 0, 0, 0, 0, 0, 0, 0, 0, 0, 7, 1, 0),(137, 134, 96, 97, '', 'Земјоделски факултет', '', '', 7, '', '', '', 0, '/styles/prosilver/theme/images/forum_icon/school.png', '', '', '', 7, '', 0, 1, 0, 0, 0, '', 0, '', '', 48, 1, 1, 1, 0, 0, 7, 7, 1, 1, 0, 0, 0, 0, 0, 0, 0, 0, 0, 7, 1, 0),(138, 134, 98, 99, '', 'Факултет за информатика', '', '', 7, '', '', '', 0, '/styles/prosilver/theme/images/forum_icon/school.png', '', '', '', 7, '', 0, 1, 0, 0, 0, '', 0, '', '', 48, 1, 1, 1, 0, 0, 7, 7, 1, 1, 0, 0, 0, 0, 0, 0, 0, 0, 0, 7, 1, 0),(139, 134, 100, 101, '', 'Педагошки факултет', '', '', 7, '', '', '', 0, '/styles/prosilver/theme/images/forum_icon/school.png', '', '', '', 7, '', 0, 1, 0, 0, 0, '', 0, '', '', 48, 1, 1, 1, 0, 0, 7, 7, 1, 1, 0, 0, 0, 0, 0, 0, 0, 0, 0, 7, 1, 0),(140, 134, 102, 103, '', 'Факултет за природни и технички науки', '', '', 7, '', '', '', 0, '/styles/prosilver/theme/images/forum_icon/school.png', '', '', '', 7, '', 0, 1, 0, 0, 0, '', 0, '', '', 48, 1, 1, 1, 0, 0, 7, 7, 1, 1, 0, 0, 0, 0, 0, 0, 0, 0, 0, 7, 1, 0),(141, 134, 104, 105, '', 'Факултет за музичка уметност', '', '', 7, '', '', '', 0, '/styles/prosilver/theme/images/forum_icon/school.png', '', '', '', 7, '', 0, 1, 0, 0, 0, '', 0, '', '', 48, 1, 1, 1, 0, 0, 7, 7, 1, 1, 0, 0, 0, 0, 0, 0, 0, 0, 0, 7, 1, 0),(142, 134, 106, 107, '', 'Факултет за медицински науки', '', '', 7, '', '', '', 0, '/styles/prosilver/theme/images/forum_icon/school.png', '', '', '', 7, '', 0, 1, 0, 0, 0, '', 0, '', '', 48, 1, 1, 1, 0, 0, 7, 7, 1, 1, 0, 0, 0, 0, 0, 0, 0, 0, 0, 7, 1, 0),(143, 134, 108, 109, '', 'Филолошки факултет', '', '', 7, '', '', '', 0, '/styles/prosilver/theme/images/forum_icon/school.png', '', '', '', 7, '', 0, 1, 0, 0, 0, '', 0, '', '', 48, 1, 1, 1, 0, 0, 7, 7, 1, 1, 0, 0, 0, 0, 0, 0, 0, 0, 0, 7, 1, 0),(144, 134, 110, 111, '', 'Факултет за туризам и бизнис логистика', '', '', 7, '', '', '', 0, '/styles/prosilver/theme/images/forum_icon/school.png', '', '', '', 7, '', 0, 1, 0, 0, 0, '', 0, '', '', 48, 1, 1, 1, 0, 0, 7, 7, 1, 1, 0, 0, 0, 0, 0, 0, 0, 0, 0, 7, 1, 0),(145, 134, 112, 113, '', 'Факултет за рударство геологија и политехника', '', '', 7, '', '', '', 0, '/styles/prosilver/theme/images/forum_icon/school.png', '', '', '', 7, '', 0, 1, 0, 0, 0, '', 0, '', '', 48, 1, 1, 1, 0, 0, 7, 7, 1, 1, 0, 0, 0, 0, 0, 0, 0, 0, 0, 7, 1, 0),(146, 68, 116, 133, '', 'ДРЖАВЕН ТЕТОВСКИ УНИВЕРЗИТЕТ - ТЕТОВО', '', '', 7, '', '', '', 0, '/styles/prosilver/theme/images/forum_icon/university.png', '', '', '', 7, '', 0, 1, 0, 0, 0, '', 0, '', '', 48, 1, 1, 1, 0, 0, 7, 7, 1, 1, 0, 0, 0, 0, 0, 0, 0, 0, 0, 7, 1, 0),(147, 146, 117, 132, '', 'Факултети', '', '', 7, '', '', '', 0, '/styles/prosilver/theme/images/forum_icon/school.png', '', '', '', 7, '', 0, 0, 0, 0, 0, '', 0, '', '', 32, 1, 1, 1, 0, 0, 7, 7, 1, 1, 0, 0, 0, 0, 0, 0, 0, 0, 0, 7, 1, 0),(148, 147, 118, 119, '', 'Природно-математички факултет', '', '', 7, '', '', '', 0, '/styles/prosilver/theme/images/forum_icon/school.png', '', '', '', 7, '', 0, 1, 0, 0, 0, '', 0, '', '', 48, 1, 1, 1, 0, 0, 7, 7, 1, 1, 0, 0, 0, 0, 0, 0, 0, 0, 0, 7, 1, 0),(149, 147, 120, 121, '', 'Факултет за хуманистички студии и уметности', '', '', 7, '', '', '', 0, '/styles/prosilver/theme/images/forum_icon/school.png', '', '', '', 7, '', 0, 1, 0, 0, 0, '', 0, '', '', 48, 1, 1, 1, 0, 0, 7, 7, 1, 1, 0, 0, 0, 0, 0, 0, 0, 0, 0, 7, 1, 0),(150, 147, 122, 123, '', 'Економски факултет', '', '', 7, '', '', '', 0, '/styles/prosilver/theme/images/forum_icon/school.png', '', '', '', 7, '', 0, 1, 0, 0, 0, '', 0, '', '', 48, 1, 1, 1, 0, 0, 7, 7, 1, 1, 0, 0, 0, 0, 0, 0, 0, 0, 0, 7, 1, 0),(151, 147, 124, 125, '', 'Правен факултет', '', '', 7, '', '', '', 0, '/styles/prosilver/theme/images/forum_icon/school.png', '', '', '', 7, '', 0, 1, 0, 0, 0, '', 0, '', '', 48, 1, 1, 1, 0, 0, 7, 7, 1, 1, 0, 0, 0, 0, 0, 0, 0, 0, 0, 7, 1, 0),(152, 147, 126, 127, '', 'Центар за политехнички науки - високостручна школа', '', '', 7, '', '', '', 0, '/styles/prosilver/theme/images/forum_icon/school.png', '', '', '', 7, '', 0, 1, 0, 0, 0, '', 0, '', '', 48, 1, 1, 1, 0, 0, 7, 7, 1, 1, 0, 0, 0, 0, 0, 0, 0, 0, 0, 7, 1, 0),(153, 147, 128, 129, '', 'Филозофски факултет', '', '', 7, '', '', '', 0, '/styles/prosilver/theme/images/forum_icon/school.png', '', '', '', 7, '', 0, 1, 0, 0, 0, '', 0, '', '', 48, 1, 1, 1, 0, 0, 7, 7, 1, 1, 0, 0, 0, 0, 0, 0, 0, 0, 0, 7, 1, 0),(154, 147, 130, 131, '', 'Факултет за бизнис администрација', '', '', 7, '', '', '', 0, '/styles/prosilver/theme/images/forum_icon/school.png', '', '', '', 7, '', 0, 1, 0, 0, 0, '', 0, '', '', 48, 1, 1, 1, 0, 0, 7, 7, 1, 1, 0, 0, 0, 0, 0, 0, 0, 0, 0, 7, 1, 0),(155, 68, 134, 147, '', 'УНИВЕРЗИТЕТ НА ЈУГОИСТОЧНА ЕВРОПА- ТЕТОВО', '', '', 7, '', '', '', 0, '/styles/prosilver/theme/images/forum_icon/university.png', '', '', '', 7, '', 0, 1, 0, 0, 0, '', 0, '', '', 48, 1, 1, 1, 0, 0, 7, 7, 1, 1, 0, 0, 0, 0, 0, 0, 0, 0, 0, 7, 1, 0),(156, 155, 135, 146, '', 'Факултети', '', '', 7, '', '', '', 0, '/styles/prosilver/theme/images/forum_icon/school.png', '', '', '', 7, '', 0, 0, 0, 0, 0, '', 0, '', '', 32, 1, 1, 1, 0, 0, 7, 7, 1, 1, 0, 0, 0, 0, 0, 0, 0, 0, 0, 7, 1, 0),(157, 156, 136, 137, '', 'Факултет за бизнис и економија', '', '', 7, '', '', '', 0, '/styles/prosilver/theme/images/forum_icon/school.png', '', '', '', 7, '', 0, 1, 0, 0, 0, '', 0, '', '', 48, 1, 1, 1, 0, 0, 7, 7, 1, 1, 0, 0, 0, 0, 0, 0, 0, 0, 0, 7, 1, 0),(158, 156, 138, 139, '', 'Факултет за јавна админстрација и политички науки', '', '', 7, '', '', '', 0, '/styles/prosilver/theme/images/forum_icon/school.png', '', '', '', 7, '', 0, 1, 0, 0, 0, '', 0, '', '', 48, 1, 1, 1, 0, 0, 7, 7, 1, 1, 0, 0, 0, 0, 0, 0, 0, 0, 0, 7, 1, 0),(159, 156, 140, 141, '', 'Факултет за современи науки и технологии', '', '', 7, '', '', '', 0, '/styles/prosilver/theme/images/forum_icon/school.png', '', '', '', 7, '', 0, 1, 0, 0, 0, '', 0, '', '', 48, 1, 1, 1, 0, 0, 7, 7, 1, 1, 0, 0, 0, 0, 0, 0, 0, 0, 0, 7, 1, 0),(160, 156, 142, 143, '', 'Правен Факултет', '', '', 7, '', '', '', 0, '/styles/prosilver/theme/images/forum_icon/school.png', '', '', '', 7, '', 0, 1, 0, 0, 0, '', 0, '', '', 48, 1, 1, 1, 0, 0, 7, 7, 1, 1, 0, 0, 0, 0, 0, 0, 0, 0, 0, 7, 1, 0),(161, 156, 144, 145, '', 'Факултет за јазици, култури и комуникација', '', '', 7, '', '', '', 0, '/styles/prosilver/theme/images/forum_icon/school.png', '', '', '', 7, '', 0, 1, 0, 0, 0, '', 0, '', '', 48, 1, 1, 1, 0, 0, 7, 7, 1, 1, 0, 0, 0, 0, 0, 0, 0, 0, 0, 7, 1, 0),(162, 68, 148, 163, '', 'Универзитет за информтички науки и технологии „Св. Апостол Павле“ во Охрид', '', '', 7, '', '', '', 0, '/styles/prosilver/theme/images/forum_icon/university.png', '', '', '', 7, '', 0, 1, 0, 0, 0, '', 0, '', '', 48, 1, 1, 1, 0, 0, 7, 7, 1, 1, 0, 0, 0, 0, 0, 0, 0, 0, 0, 7, 1, 0),(163, 162, 149, 162, '', 'Факултети', '', '', 7, '', '', '', 0, '/styles/prosilver/theme/images/forum_icon/school.png', '', '', '', 7, '', 0, 0, 0, 0, 0, '', 0, '', '', 32, 1, 1, 1, 0, 0, 7, 7, 1, 1, 0, 0, 0, 0, 0, 0, 0, 0, 0, 7, 1, 0),(164, 163, 150, 151, '', 'Факултет за комуникациски мрежи и безбедност', '', '', 7, '', '', '', 0, '/styles/prosilver/theme/images/forum_icon/school.png', '', '', '', 7, '', 0, 1, 0, 0, 0, '', 0, '', '', 48, 1, 1, 1, 0, 0, 7, 7, 1, 1, 0, 0, 0, 0, 0, 0, 0, 0, 0, 7, 1, 0),(165, 163, 152, 153, '', 'Факултет за компјутерски науки и инженерство', '', '', 7, '', '', '', 0, '/styles/prosilver/theme/images/forum_icon/school.png', '', '', '', 7, '', 0, 1, 0, 0, 0, '', 0, '', '', 48, 1, 1, 1, 0, 0, 7, 7, 1, 1, 0, 0, 0, 0, 0, 0, 0, 0, 0, 7, 1, 0),(166, 163, 154, 155, '', 'Факултет за информатички системи, визуелизација, дигитална, мултимедијална и анимациска техника', '', '', 7, '', '', '', 0, '/styles/prosilver/theme/images/forum_icon/school.png', '', '', '', 7, '', 0, 1, 0, 0, 0, '', 0, '', '', 48, 1, 1, 1, 0, 0, 7, 7, 1, 1, 0, 0, 0, 0, 0, 0, 0, 0, 0, 7, 1, 0),(167, 163, 156, 157, '', 'Факултет за информациони теории и анализи', '', '', 7, '', '', '', 0, '/styles/prosilver/theme/images/forum_icon/school.png', '', '', '', 7, '', 0, 1, 0, 0, 0, '', 0, '', '', 48, 1, 1, 1, 0, 0, 7, 7, 1, 1, 0, 0, 0, 0, 0, 0, 0, 0, 0, 7, 1, 0),(168, 163, 158, 159, '', 'Факултет за машинска интелегенција и роботика', '', '', 7, '', '', '', 0, '/styles/prosilver/theme/images/forum_icon/school.png', '', '', '', 7, '', 0, 1, 0, 0, 0, '', 0, '', '', 48, 1, 1, 1, 0, 0, 7, 7, 1, 1, 0, 0, 0, 0, 0, 0, 0, 0, 0, 7, 1, 0),(169, 163, 160, 161, '', 'Двегодишни магистерски студии по информатички науки и технологии при', '', '', 7, '', '', '', 0, '/styles/prosilver/theme/images/forum_icon/school.png', '', '', '', 7, '', 0, 1, 0, 0, 0, '', 0, '', '', 48, 1, 1, 1, 0, 0, 7, 7, 1, 1, 0, 0, 0, 0, 0, 0, 0, 0, 0, 7, 1, 0),(170, 68, 164, 165, '', 'УНИВЕРЗИТЕТ „МАЈКА ТЕРЕЗА&quot; СКОПЈЕ', '', '', 7, '', '', '', 0, '/styles/prosilver/theme/images/forum_icon/university.png', '', '', '', 7, '', 0, 1, 0, 0, 0, '', 0, '', '', 48, 1, 1, 1, 0, 0, 7, 7, 1, 1, 0, 0, 0, 0, 0, 0, 0, 0, 0, 7, 1, 0),(171, 95, 210, 211, '', 'Новости', '', '', 7, '', '', '', 0, '/styles/prosilver/theme/images/forum_icon/news.png', '', '', '', 7, '', 0, 1, 0, 0, 0, '', 0, '', '', 48, 1, 1, 1, 0, 0, 7, 7, 1, 1, 0, 0, 0, 0, 0, 0, 0, 0, 0, 7, 1, 0),(174, 84, 184, 185, 'a:1:{i:84;a:2:{i:0;s:33:\"Студентски домови\";i:1;i:0;}}', '„Кузман Јосифовски - Питу&quot; - Скопје', '', '', 7, '', '', '', 0, '/styles/prosilver/theme/images/forum_icon/architecture-and-city.png', '', '', '', 7, '', 0, 1, 0, 0, 0, '', 0, '', '', 48, 1, 1, 1, 0, 0, 7, 7, 1, 1, 0, 0, 0, 0, 0, 0, 0, 0, 0, 7, 1, 0),(175, 84, 186, 187, 'a:1:{i:84;a:2:{i:0;s:33:\"Студентски домови\";i:1;i:0;}}', '„Стив Наумов&quot; - Скопје', '', '', 7, '', '', '', 0, '/styles/prosilver/theme/images/forum_icon/architecture-and-city.png', '', '', '', 7, '', 0, 1, 0, 0, 0, '', 0, '', '', 48, 1, 1, 1, 0, 0, 7, 7, 1, 1, 0, 0, 0, 0, 0, 0, 0, 0, 0, 7, 1, 0),(176, 84, 188, 189, 'a:1:{i:84;a:2:{i:0;s:33:\"Студентски домови\";i:1;i:0;}}', '„Пелагонија&quot; - Скопје', '', '', 7, '', '', '', 0, '/styles/prosilver/theme/images/forum_icon/architecture-and-city.png', '', '', '', 7, '', 0, 1, 0, 0, 0, '', 0, '', '', 48, 1, 1, 1, 0, 0, 7, 7, 1, 1, 0, 0, 0, 0, 0, 0, 0, 0, 0, 7, 1, 0),(177, 84, 190, 191, 'a:1:{i:84;a:2:{i:0;s:33:\"Студентски домови\";i:1;i:0;}}', '„Невена Ѓеорѓиева - Дуња&quot; - Скопје', '', '', 7, '', '', '', 0, '/styles/prosilver/theme/images/forum_icon/architecture-and-city.png', '', '', '', 7, '', 0, 1, 0, 0, 0, '', 0, '', '', 48, 1, 1, 1, 0, 0, 7, 7, 1, 1, 0, 0, 0, 0, 0, 0, 0, 0, 0, 7, 1, 0),(178, 84, 192, 193, 'a:1:{i:84;a:2:{i:0;s:33:\"Студентски домови\";i:1;i:0;}}', '„Томе Стефановски - Сениќ&quot; - Скопје', '', '', 7, '', '', '', 0, '/styles/prosilver/theme/images/forum_icon/architecture-and-city.png', '', '', '', 7, '', 0, 1, 0, 0, 0, '', 0, '', '', 48, 1, 1, 1, 0, 0, 7, 7, 1, 1, 0, 0, 0, 0, 0, 0, 0, 0, 0, 7, 1, 0),(179, 84, 194, 195, 'a:1:{i:84;a:2:{i:0;s:33:\"Студентски домови\";i:1;i:0;}}', '„Кочо Рацин&quot; - Битола', '', '', 7, '', '', '', 0, '/styles/prosilver/theme/images/forum_icon/architecture-and-city.png', '', '', '', 7, '', 0, 1, 0, 0, 0, '', 0, '', '', 48, 1, 1, 1, 0, 0, 7, 7, 1, 1, 0, 0, 0, 0, 0, 0, 0, 0, 0, 7, 1, 0),(180, 84, 196, 197, 'a:1:{i:84;a:2:{i:0;s:33:\"Студентски домови\";i:1;i:0;}}', '„Народен херој Орце Чопола&quot; - Прилеп', '', '', 7, '', '', '', 0, '/styles/prosilver/theme/images/forum_icon/architecture-and-city.png', '', '', '', 7, '', 0, 1, 0, 0, 0, '', 0, '', '', 48, 1, 1, 1, 0, 0, 7, 7, 1, 1, 0, 0, 0, 0, 0, 0, 0, 0, 0, 7, 1, 0),(181, 84, 198, 199, 'a:1:{i:84;a:2:{i:0;s:33:\"Студентски домови\";i:1;i:0;}}', '„Никола Карев&quot; - Охрид', '', '', 7, '', '', '', 0, '/styles/prosilver/theme/images/forum_icon/architecture-and-city.png', '', '', '', 7, '', 0, 1, 0, 0, 0, '', 0, '', '', 48, 1, 1, 1, 0, 0, 7, 7, 1, 1, 0, 0, 0, 0, 0, 0, 0, 0, 0, 7, 1, 0),(182, 84, 200, 201, 'a:1:{i:84;a:2:{i:0;s:33:\"Студентски домови\";i:1;i:0;}}', '„Браќа Миладоновци&quot; - Штип', '', '', 7, '', '', '', 0, '/styles/prosilver/theme/images/forum_icon/architecture-and-city.png', '', '', '', 7, '', 0, 1, 0, 0, 0, '', 0, '', '', 48, 1, 1, 1, 0, 0, 7, 7, 1, 1, 0, 0, 0, 0, 0, 0, 0, 0, 0, 7, 1, 0),(183, 84, 202, 203, 'a:1:{i:84;a:2:{i:0;s:33:\"Студентски домови\";i:1;i:0;}}', '„Хилјадников&quot; - Штип', '', '', 7, '', '', '', 0, '/styles/prosilver/theme/images/forum_icon/architecture-and-city.png', '', '', '', 7, '', 0, 1, 0, 0, 0, '', 0, '', '', 48, 1, 1, 1, 0, 0, 7, 7, 1, 1, 0, 0, 0, 0, 0, 0, 0, 0, 0, 7, 1, 0),(184, 84, 204, 205, 'a:1:{i:84;a:2:{i:0;s:33:\"Студентски домови\";i:1;i:0;}}', '„Бранко Станоевиќ&quot; - Гостивар', '', '', 7, '', '', '', 0, '/styles/prosilver/theme/images/forum_icon/architecture-and-city.png', '', '', '', 7, '', 0, 1, 0, 0, 0, '', 0, '', '', 48, 1, 1, 1, 0, 0, 7, 7, 1, 1, 0, 0, 0, 0, 0, 0, 0, 0, 0, 7, 1, 0),(185, 84, 206, 207, 'a:1:{i:84;a:2:{i:0;s:33:\"Студентски домови\";i:1;i:0;}}', '„Доне Божинов&quot; - Пробиштип', '', '', 7, '', '', '', 0, '/styles/prosilver/theme/images/forum_icon/architecture-and-city.png', '', '', '', 7, '', 0, 1, 0, 0, 0, '', 0, '', '', 48, 1, 1, 1, 0, 0, 7, 7, 1, 1, 0, 0, 0, 0, 0, 0, 0, 0, 0, 7, 1, 0);

# Table: phpbb_forums_access
DROP TABLE IF EXISTS phpbb_forums_access;
CREATE TABLE `phpbb_forums_access` (
  `forum_id` mediumint(8) unsigned NOT NULL DEFAULT 0,
  `user_id` int(10) unsigned NOT NULL DEFAULT 0,
  `session_id` char(32) COLLATE utf8_bin NOT NULL DEFAULT '',
  PRIMARY KEY (`forum_id`,`user_id`,`session_id`)
) ENGINE=InnoDB DEFAULT CHARSET=utf8 COLLATE=utf8_bin;

# Table: phpbb_forums_track
DROP TABLE IF EXISTS phpbb_forums_track;
CREATE TABLE `phpbb_forums_track` (
  `user_id` int(10) unsigned NOT NULL DEFAULT 0,
  `forum_id` mediumint(8) unsigned NOT NULL DEFAULT 0,
  `mark_time` int(11) unsigned NOT NULL DEFAULT 0,
  PRIMARY KEY (`user_id`,`forum_id`)
) ENGINE=InnoDB DEFAULT CHARSET=utf8 COLLATE=utf8_bin;

INSERT INTO phpbb_forums_track (user_id, forum_id, mark_time) VALUES (2, 73, 1580946819),(2, 77, 1580946796),(49, 75, 1580947034),(49, 77, 1580946973);

# Table: phpbb_forums_watch
DROP TABLE IF EXISTS phpbb_forums_watch;
CREATE TABLE `phpbb_forums_watch` (
  `forum_id` mediumint(8) unsigned NOT NULL DEFAULT 0,
  `user_id` int(10) unsigned NOT NULL DEFAULT 0,
  `notify_status` tinyint(1) unsigned NOT NULL DEFAULT 0,
  KEY `forum_id` (`forum_id`),
  KEY `user_id` (`user_id`),
  KEY `notify_stat` (`notify_status`)
) ENGINE=InnoDB DEFAULT CHARSET=utf8 COLLATE=utf8_bin;

INSERT INTO phpbb_forums_watch (forum_id, user_id, notify_status) VALUES (97, 2, 0);

# Table: phpbb_groups
DROP TABLE IF EXISTS phpbb_groups;
CREATE TABLE `phpbb_groups` (
  `group_id` mediumint(8) unsigned NOT NULL AUTO_INCREMENT,
  `group_type` tinyint(4) NOT NULL DEFAULT 1,
  `group_founder_manage` tinyint(1) unsigned NOT NULL DEFAULT 0,
  `group_skip_auth` tinyint(1) unsigned NOT NULL DEFAULT 0,
  `group_name` varchar(255) COLLATE utf8_bin NOT NULL DEFAULT '',
  `group_desc` text COLLATE utf8_bin NOT NULL,
  `group_desc_bitfield` varchar(255) COLLATE utf8_bin NOT NULL DEFAULT '',
  `group_desc_options` int(11) unsigned NOT NULL DEFAULT 7,
  `group_desc_uid` varchar(8) COLLATE utf8_bin NOT NULL DEFAULT '',
  `group_display` tinyint(1) unsigned NOT NULL DEFAULT 0,
  `group_avatar` varchar(255) COLLATE utf8_bin NOT NULL DEFAULT '',
  `group_avatar_type` varchar(255) COLLATE utf8_bin NOT NULL DEFAULT '',
  `group_avatar_width` smallint(4) unsigned NOT NULL DEFAULT 0,
  `group_avatar_height` smallint(4) unsigned NOT NULL DEFAULT 0,
  `group_rank` mediumint(8) unsigned NOT NULL DEFAULT 0,
  `group_colour` varchar(6) COLLATE utf8_bin NOT NULL DEFAULT '',
  `group_sig_chars` mediumint(8) unsigned NOT NULL DEFAULT 0,
  `group_receive_pm` tinyint(1) unsigned NOT NULL DEFAULT 0,
  `group_message_limit` mediumint(8) unsigned NOT NULL DEFAULT 0,
  `group_legend` mediumint(8) unsigned NOT NULL DEFAULT 0,
  `group_max_recipients` mediumint(8) unsigned NOT NULL DEFAULT 0,
  PRIMARY KEY (`group_id`),
  KEY `group_legend_name` (`group_legend`,`group_name`)
) ENGINE=InnoDB AUTO_INCREMENT=8 DEFAULT CHARSET=utf8 COLLATE=utf8_bin;

INSERT INTO phpbb_groups (group_id, group_type, group_founder_manage, group_skip_auth, group_name, group_desc, group_desc_bitfield, group_desc_options, group_desc_uid, group_display, group_avatar, group_avatar_type, group_avatar_width, group_avatar_height, group_rank, group_colour, group_sig_chars, group_receive_pm, group_message_limit, group_legend, group_max_recipients) VALUES (1, 3, 0, 0, 'GUESTS', '', '', 7, '', 0, '', '', 0, 0, 0, '', 0, 0, 0, 0, 5),(2, 3, 0, 0, 'REGISTERED', '', '', 7, '', 0, '', '', 0, 0, 0, '', 0, 0, 0, 0, 5),(3, 3, 0, 0, 'REGISTERED_COPPA', '', '', 7, '', 0, '', '', 0, 0, 0, '', 0, 0, 0, 0, 5),(4, 3, 0, 0, 'GLOBAL_MODERATORS', '', '', 7, '', 0, '', '', 0, 0, 0, '00AA00', 0, 0, 0, 2, 0),(5, 3, 1, 0, 'ADMINISTRATORS', '', '', 7, '', 0, '', '', 0, 0, 0, 'AA0000', 0, 0, 0, 1, 0),(6, 3, 0, 0, 'BOTS', '', '', 7, '', 0, '', '', 0, 0, 0, '9E8DA7', 0, 0, 0, 0, 5),(7, 3, 0, 0, 'NEWLY_REGISTERED', '', '', 7, '', 0, '', '', 0, 0, 0, '', 0, 0, 0, 0, 5);

# Table: phpbb_icons
DROP TABLE IF EXISTS phpbb_icons;
CREATE TABLE `phpbb_icons` (
  `icons_id` mediumint(8) unsigned NOT NULL AUTO_INCREMENT,
  `icons_url` varchar(255) COLLATE utf8_bin NOT NULL DEFAULT '',
  `icons_width` tinyint(4) NOT NULL DEFAULT 0,
  `icons_height` tinyint(4) NOT NULL DEFAULT 0,
  `icons_alt` varchar(255) COLLATE utf8_bin NOT NULL DEFAULT '',
  `icons_order` mediumint(8) unsigned NOT NULL DEFAULT 0,
  `display_on_posting` tinyint(1) unsigned NOT NULL DEFAULT 1,
  PRIMARY KEY (`icons_id`),
  KEY `display_on_posting` (`display_on_posting`)
) ENGINE=InnoDB AUTO_INCREMENT=11 DEFAULT CHARSET=utf8 COLLATE=utf8_bin;

INSERT INTO phpbb_icons (icons_id, icons_url, icons_width, icons_height, icons_alt, icons_order, display_on_posting) VALUES (1, 'misc/fire.gif', 16, 16, '', 1, 1),(2, 'smile/redface.gif', 16, 16, '', 9, 1),(3, 'smile/mrgreen.gif', 16, 16, '', 10, 1),(4, 'misc/heart.gif', 16, 16, '', 4, 1),(5, 'misc/star.gif', 16, 16, '', 2, 1),(6, 'misc/radioactive.gif', 16, 16, '', 3, 1),(7, 'misc/thinking.gif', 16, 16, '', 5, 1),(8, 'smile/info.gif', 16, 16, '', 8, 1),(9, 'smile/question.gif', 16, 16, '', 6, 1),(10, 'smile/alert.gif', 16, 16, '', 7, 1);

# Table: phpbb_lang
DROP TABLE IF EXISTS phpbb_lang;
CREATE TABLE `phpbb_lang` (
  `lang_id` tinyint(4) NOT NULL AUTO_INCREMENT,
  `lang_iso` varchar(30) COLLATE utf8_bin NOT NULL DEFAULT '',
  `lang_dir` varchar(30) COLLATE utf8_bin NOT NULL DEFAULT '',
  `lang_english_name` varchar(100) COLLATE utf8_bin NOT NULL DEFAULT '',
  `lang_local_name` varchar(255) COLLATE utf8_bin NOT NULL DEFAULT '',
  `lang_author` varchar(255) COLLATE utf8_bin NOT NULL DEFAULT '',
  PRIMARY KEY (`lang_id`),
  KEY `lang_iso` (`lang_iso`)
) ENGINE=InnoDB AUTO_INCREMENT=3 DEFAULT CHARSET=utf8 COLLATE=utf8_bin;

INSERT INTO phpbb_lang (lang_id, lang_iso, lang_dir, lang_english_name, lang_local_name, lang_author) VALUES (1, 'en', 'en', 'British English', 'British English', 'phpBB Limited'),(2, 'en_us', 'en_us', 'American English', 'American English', 'Miles Cellar');

# Table: phpbb_log
DROP TABLE IF EXISTS phpbb_log;
CREATE TABLE `phpbb_log` (
  `log_id` int(10) unsigned NOT NULL AUTO_INCREMENT,
  `log_type` tinyint(4) NOT NULL DEFAULT 0,
  `user_id` int(10) unsigned NOT NULL DEFAULT 0,
  `forum_id` mediumint(8) unsigned NOT NULL DEFAULT 0,
  `topic_id` int(10) unsigned NOT NULL DEFAULT 0,
  `post_id` int(10) unsigned NOT NULL DEFAULT 0,
  `reportee_id` int(10) unsigned NOT NULL DEFAULT 0,
  `log_ip` varchar(40) COLLATE utf8_bin NOT NULL DEFAULT '',
  `log_time` int(11) unsigned NOT NULL DEFAULT 0,
  `log_operation` text COLLATE utf8_bin NOT NULL,
  `log_data` mediumtext COLLATE utf8_bin NOT NULL,
  PRIMARY KEY (`log_id`),
  KEY `log_type` (`log_type`),
  KEY `forum_id` (`forum_id`),
  KEY `topic_id` (`topic_id`),
  KEY `reportee_id` (`reportee_id`),
  KEY `user_id` (`user_id`),
  KEY `log_time` (`log_time`)
) ENGINE=InnoDB AUTO_INCREMENT=222 DEFAULT CHARSET=utf8 COLLATE=utf8_bin;

INSERT INTO phpbb_log (log_id, log_type, user_id, forum_id, topic_id, post_id, reportee_id, log_ip, log_time, log_operation, log_data) VALUES (1, 0, 1, 0, 0, 0, 0, '89.205.108.21', 1580733506, 'LOG_MODULE_ADD', 'a:1:{i:0;s:20:\"ACP_VIGLINK_SETTINGS\";}'),(2, 0, 1, 0, 0, 0, 0, '', 1580733506, 'LOG_EXT_ENABLE', 'a:1:{i:0;s:13:\"phpbb/viglink\";}'),(3, 0, 2, 0, 0, 0, 0, '89.205.108.21', 1580733506, 'LOG_INSTALL_INSTALLED', 'a:1:{i:0;s:5:\"3.3.0\";}'),(4, 0, 2, 0, 0, 0, 0, '89.205.108.21', 1580733598, 'LOG_CONFIG_LOAD', ''),(5, 0, 2, 0, 0, 0, 0, '89.205.108.21', 1580733909, 'LOG_LANGUAGE_PACK_INSTALLED', 'a:1:{i:0;s:16:\"American English\";}'),(6, 0, 2, 0, 0, 0, 0, '89.205.108.21', 1580734125, 'LOG_ADMIN_AUTH_SUCCESS', ''),(7, 0, 2, 0, 0, 0, 0, '89.205.108.21', 1580734133, 'LOG_FORUM_SYNC', 'a:1:{i:0;s:24:\"Универзитети\";}'),(8, 0, 2, 0, 0, 0, 0, '89.205.108.21', 1580734138, 'LOG_FORUM_SYNC', 'a:1:{i:0;s:33:\"Студентски домови\";}'),(9, 0, 2, 0, 0, 0, 0, '89.205.108.21', 1580734141, 'LOG_FORUM_SYNC', 'a:1:{i:0;s:21:\"StudentCommunity News\";}'),(10, 0, 2, 0, 0, 0, 0, '89.205.108.21', 1580734144, 'LOG_FORUM_SYNC', 'a:1:{i:0;s:21:\"StudentCommunity Cafe\";}'),(11, 0, 2, 0, 0, 0, 0, '89.205.108.21', 1580734148, 'LOG_FORUM_SYNC', 'a:1:{i:0;s:8:\"Идеи\";}'),(12, 0, 2, 0, 0, 0, 0, '89.205.108.21', 1580734199, 'LOG_ACL_ADD_FORUM_LOCAL_F_', 'a:2:{i:0;s:265:\"Универзитети, УНИВЕРЗИТЕТ „СВ.КИРИЛ И МЕТОДИЈ&quot; СКОПЈЕ, Факултети, Факултет за информатички науки и компјутерско инжинерство (ФИНКИ), Предмети\";i:1;s:31:\"<span class=\"sep\">Guests</span>\";}'),(13, 0, 2, 0, 0, 0, 0, '89.205.108.21', 1580734199, 'LOG_ACL_ADD_FORUM_LOCAL_F_', 'a:2:{i:0;s:172:\"Feedback на професори/асистенти, Прашања/совети, Забава (гифови, мемиња...), Администрација, Настани\";i:1;s:31:\"<span class=\"sep\">Guests</span>\";}'),(14, 0, 2, 0, 0, 0, 0, '89.205.108.21', 1580734199, 'LOG_ACL_ADD_FORUM_LOCAL_F_', 'a:2:{i:0;s:319:\"УНИВЕРЗИТЕТ „КЛИМЕНТ ОХРИДСКИ&quot; БИТОЛА, Архитектонски факултет, Градежен факултет, Факултет за електротехника иинформациски технологии (ФЕИТ), Правила при пишување на thread\";i:1;s:31:\"<span class=\"sep\">Guests</span>\";}'),(15, 0, 2, 0, 0, 0, 0, '89.205.108.21', 1580734236, 'LOG_ACL_ADD_FORUM_LOCAL_F_', 'a:2:{i:0;s:265:\"Универзитети, УНИВЕРЗИТЕТ „СВ.КИРИЛ И МЕТОДИЈ&quot; СКОПЈЕ, Факултети, Факултет за информатички науки и компјутерско инжинерство (ФИНКИ), Предмети\";i:1;s:41:\"<span class=\"sep\">Registered users</span>\";}'),(16, 0, 2, 0, 0, 0, 0, '89.205.108.21', 1580737895, 'LOG_ADMIN_AUTH_SUCCESS', ''),(17, 0, 2, 0, 0, 0, 0, '89.205.108.21', 1580738008, 'LOG_FORUM_COPIED_PERMISSIONS', 'a:2:{i:0;s:24:\"Универзитети\";i:1;s:30:\"Пофалби/ поплаки\";}'),(18, 0, 2, 0, 0, 0, 0, '89.205.108.21', 1580738941, 'LOG_ADMIN_AUTH_SUCCESS', ''),(19, 0, 2, 0, 0, 0, 0, '89.205.108.21', 1580738995, 'LOG_ACL_ADD_FORUM_LOCAL_F_', 'a:2:{i:0;s:181:\"Студентски домови, ДСД „Скопје&quot;, Пофалби/ поплаки, Прашања/совети, Забава (гифови,мемиња,видеа,...)\";i:1;s:41:\"<span class=\"sep\">Registered users</span>\";}'),(20, 0, 2, 0, 0, 0, 0, '89.205.108.21', 1580738995, 'LOG_ACL_ADD_FORUM_LOCAL_F_', 'a:2:{i:0;s:178:\"СД Пелагонија, Настани, Администрација, Размена на студентски домови, Правила при пишување на thread\";i:1;s:41:\"<span class=\"sep\">Registered users</span>\";}'),(21, 0, 2, 0, 0, 0, 0, '89.205.108.21', 1580738995, 'LOG_ACL_ADD_FORUM_LOCAL_F_', 'a:2:{i:0;s:15:\"СД Сениќ\";i:1;s:41:\"<span class=\"sep\">Registered users</span>\";}'),(22, 0, 2, 0, 0, 0, 0, '89.205.108.21', 1580739042, 'LOG_ACL_ADD_FORUM_LOCAL_F_', 'a:2:{i:0;s:181:\"Студентски домови, ДСД „Скопје&quot;, Пофалби/ поплаки, Прашања/совети, Забава (гифови,мемиња,видеа,...)\";i:1;s:31:\"<span class=\"sep\">Guests</span>\";}'),(23, 0, 2, 0, 0, 0, 0, '89.205.108.21', 1580739042, 'LOG_ACL_ADD_FORUM_LOCAL_F_', 'a:2:{i:0;s:178:\"СД Пелагонија, Настани, Администрација, Размена на студентски домови, Правила при пишување на thread\";i:1;s:31:\"<span class=\"sep\">Guests</span>\";}'),(24, 0, 2, 0, 0, 0, 0, '89.205.108.21', 1580739042, 'LOG_ACL_ADD_FORUM_LOCAL_F_', 'a:2:{i:0;s:15:\"СД Сениќ\";i:1;s:31:\"<span class=\"sep\">Guests</span>\";}'),(25, 0, 2, 0, 0, 0, 0, '89.205.108.21', 1580739106, 'LOG_ACL_ADD_FORUM_LOCAL_F_', 'a:2:{i:0;s:77:\"StudentCommunity Cafe, Спорт, Музика, Филмови и серии\";i:1;s:41:\"<span class=\"sep\">Registered users</span>\";}'),(26, 0, 2, 0, 0, 0, 0, '89.205.108.21', 1580739308, 'LOG_ACL_ADD_FORUM_LOCAL_F_', 'a:2:{i:0;s:265:\"Универзитети, УНИВЕРЗИТЕТ „СВ.КИРИЛ И МЕТОДИЈ&quot; СКОПЈЕ, Факултети, Факултет за информатички науки и компјутерско инжинерство (ФИНКИ), Предмети\";i:1;s:41:\"<span class=\"sep\">Registered users</span>\";}'),(27, 0, 2, 0, 0, 0, 0, '89.205.108.21', 1580739308, 'LOG_ACL_ADD_FORUM_LOCAL_F_', 'a:2:{i:0;s:319:\"УНИВЕРЗИТЕТ „КЛИМЕНТ ОХРИДСКИ&quot; БИТОЛА, Архитектонски факултет, Градежен факултет, Факултет за електротехника иинформациски технологии (ФЕИТ), Правила при пишување на thread\";i:1;s:41:\"<span class=\"sep\">Registered users</span>\";}'),(28, 0, 2, 0, 0, 0, 0, '89.205.108.21', 1580739309, 'LOG_ACL_ADD_FORUM_LOCAL_F_', 'a:2:{i:0;s:172:\"Feedback на професори/асистенти, Прашања/совети, Забава (гифови, мемиња...), Администрација, Настани\";i:1;s:41:\"<span class=\"sep\">Registered users</span>\";}'),(29, 0, 2, 0, 0, 0, 0, '89.205.108.21', 1580739309, 'LOG_ACL_ADD_FORUM_LOCAL_F_', 'a:2:{i:0;s:265:\"Универзитети, УНИВЕРЗИТЕТ „СВ.КИРИЛ И МЕТОДИЈ&quot; СКОПЈЕ, Факултети, Факултет за информатички науки и компјутерско инжинерство (ФИНКИ), Предмети\";i:1;s:41:\"<span class=\"sep\">Registered users</span>\";}'),(30, 0, 2, 0, 0, 0, 0, '89.205.108.21', 1580739309, 'LOG_ACL_ADD_FORUM_LOCAL_F_', 'a:2:{i:0;s:172:\"Feedback на професори/асистенти, Прашања/совети, Забава (гифови, мемиња...), Администрација, Настани\";i:1;s:41:\"<span class=\"sep\">Registered users</span>\";}'),(31, 0, 2, 0, 0, 0, 0, '89.205.108.21', 1580739309, 'LOG_ACL_ADD_FORUM_LOCAL_F_', 'a:2:{i:0;s:319:\"УНИВЕРЗИТЕТ „КЛИМЕНТ ОХРИДСКИ&quot; БИТОЛА, Архитектонски факултет, Градежен факултет, Факултет за електротехника иинформациски технологии (ФЕИТ), Правила при пишување на thread\";i:1;s:41:\"<span class=\"sep\">Registered users</span>\";}'),(32, 1, 2, 77, 2, 2, 0, '89.205.108.21', 1580739335, 'LOG_POST_APPROVED', 'a:1:{i:0;s:8:\"Zdravooo\";}'),(33, 0, 2, 0, 0, 0, 0, '77.29.89.13', 1580747593, 'LOG_ADMIN_AUTH_SUCCESS', ''),(34, 0, 2, 0, 0, 0, 0, '::1', 1580747982, 'LOG_DB_RESTORE', ''),(35, 0, 2, 0, 0, 0, 0, '::1', 1580748218, 'LOG_ADMIN_AUTH_SUCCESS', ''),(36, 0, 2, 0, 0, 0, 0, '::1', 1580748231, 'LOG_PURGE_CACHE', ''),(37, 2, 49, 0, 0, 0, 0, '::1', 1580946903, 'LOG_ERROR_EMAIL', 'a:1:{i:0;s:317:\"<strong>EMAIL/PHP/mail()</strong><br /><em>/studentcommunity/ucp.php</em><br /><br />Errno 2: mail(): Failed to connect to mailserver at &quot;localhost&quot; port 25, verify your &quot;SMTP&quot; and &quot;smtp_port&quot; setting in php.ini or use ini_set() at [ROOT]/includes/functions_messenger.php line 1929<br />\";}'),(38, 0, 2, 0, 0, 0, 0, '::1', 1581277776, 'LOG_ADMIN_AUTH_SUCCESS', ''),(39, 0, 2, 0, 0, 0, 0, '::1', 1581277829, 'LOG_FORUM_ADD', 'a:1:{i:0;s:33:\"Машински факултет\";}'),(40, 0, 2, 0, 0, 0, 0, '::1', 1581277829, 'LOG_FORUM_COPIED_PERMISSIONS', 'a:2:{i:0;s:18:\"Факултети\";i:1;s:33:\"Машински факултет\";}'),(41, 0, 2, 0, 0, 0, 0, '::1', 1581277847, 'LOG_FORUM_EDIT', 'a:1:{i:0;s:33:\"Машински факултет\";}'),(42, 0, 2, 0, 0, 0, 0, '::1', 1581277860, 'LOG_FORUM_ADD', 'a:1:{i:0;s:58:\"Технолошко металуршки факултет\";}'),(43, 0, 2, 0, 0, 0, 0, '::1', 1581277860, 'LOG_FORUM_COPIED_PERMISSIONS', 'a:2:{i:0;s:18:\"Факултети\";i:1;s:58:\"Технолошко металуршки факултет\";}'),(44, 0, 2, 0, 0, 0, 0, '::1', 1581277874, 'LOG_FORUM_ADD', 'a:1:{i:0;s:56:\"Природно-математички факултет\";}'),(45, 0, 2, 0, 0, 0, 0, '::1', 1581277874, 'LOG_FORUM_COPIED_PERMISSIONS', 'a:2:{i:0;s:18:\"Факултети\";i:1;s:56:\"Природно-математички факултет\";}'),(46, 0, 2, 0, 0, 0, 0, '::1', 1581277891, 'LOG_FORUM_ADD', 'a:1:{i:0;s:35:\"Економски факултет\";}'),(47, 0, 2, 0, 0, 0, 0, '::1', 1581277891, 'LOG_FORUM_COPIED_PERMISSIONS', 'a:2:{i:0;s:18:\"Факултети\";i:1;s:35:\"Економски факултет\";}'),(48, 0, 2, 0, 0, 0, 0, '::1', 1581277900, 'LOG_FORUM_ADD', 'a:1:{i:0;s:29:\"Правен факултет\";}'),(49, 0, 2, 0, 0, 0, 0, '::1', 1581277900, 'LOG_FORUM_COPIED_PERMISSIONS', 'a:2:{i:0;s:18:\"Факултети\";i:1;s:29:\"Правен факултет\";}'),(50, 0, 2, 0, 0, 0, 0, '::1', 1581277918, 'LOG_FORUM_ADD', 'a:1:{i:0;s:37:\"Филозофски факултет\";}'),(51, 0, 2, 0, 0, 0, 0, '::1', 1581277918, 'LOG_FORUM_COPIED_PERMISSIONS', 'a:2:{i:0;s:18:\"Факултети\";i:1;s:37:\"Филозофски факултет\";}'),(52, 0, 2, 0, 0, 0, 0, '::1', 1581277941, 'LOG_FORUM_ADD', 'a:1:{i:0;s:67:\"Филолошки факултет „Блаже Конески“\";}'),(53, 0, 2, 0, 0, 0, 0, '::1', 1581277941, 'LOG_FORUM_COPIED_PERMISSIONS', 'a:2:{i:0;s:18:\"Факултети\";i:1;s:67:\"Филолошки факултет „Блаже Конески“\";}'),(54, 0, 2, 0, 0, 0, 0, '::1', 1581277955, 'LOG_FORUM_ADD', 'a:1:{i:0;s:78:\"Педагошки факултет „Св.Климент Охридски“\";}'),(55, 0, 2, 0, 0, 0, 0, '::1', 1581277955, 'LOG_FORUM_COPIED_PERMISSIONS', 'a:2:{i:0;s:18:\"Факултети\";i:1;s:78:\"Педагошки факултет „Св.Климент Охридски“\";}'),(56, 0, 2, 0, 0, 0, 0, '::1', 1581277968, 'LOG_FORUM_ADD', 'a:1:{i:0;s:85:\"Воена академија „Михаил Апостолски&quot; Скопје\";}'),(57, 0, 2, 0, 0, 0, 0, '::1', 1581277968, 'LOG_FORUM_COPIED_PERMISSIONS', 'a:2:{i:0;s:18:\"Факултети\";i:1;s:85:\"Воена академија „Михаил Апостолски&quot; Скопје\";}'),(58, 0, 2, 0, 0, 0, 0, '::1', 1581277982, 'LOG_FORUM_ADD', 'a:1:{i:0;s:37:\"Медицински факултет\";}'),(59, 0, 2, 0, 0, 0, 0, '::1', 1581277982, 'LOG_FORUM_COPIED_PERMISSIONS', 'a:2:{i:0;s:18:\"Факултети\";i:1;s:37:\"Медицински факултет\";}'),(60, 0, 2, 0, 0, 0, 0, '::1', 1581278028, 'LOG_FORUM_ADD', 'a:1:{i:0;s:41:\"Фармацевтски факултет\";}'),(61, 0, 2, 0, 0, 0, 0, '::1', 1581278028, 'LOG_FORUM_COPIED_PERMISSIONS', 'a:2:{i:0;s:18:\"Факултети\";i:1;s:41:\"Фармацевтски факултет\";}'),(62, 0, 2, 0, 0, 0, 0, '::1', 1581278034, 'LOG_FORUM_ADD', 'a:1:{i:0;s:41:\"Стоматолошки факултет\";}'),(63, 0, 2, 0, 0, 0, 0, '::1', 1581278034, 'LOG_FORUM_COPIED_PERMISSIONS', 'a:2:{i:0;s:18:\"Факултети\";i:1;s:41:\"Стоматолошки факултет\";}'),(64, 0, 2, 0, 0, 0, 0, '::1', 1581278038, 'LOG_FORUM_ADD', 'a:1:{i:0;s:51:\"Факултет за физичка култура\";}'),(65, 0, 2, 0, 0, 0, 0, '::1', 1581278038, 'LOG_FORUM_COPIED_PERMISSIONS', 'a:2:{i:0;s:18:\"Факултети\";i:1;s:51:\"Факултет за физичка култура\";}'),(66, 0, 2, 0, 0, 0, 0, '::1', 1581278044, 'LOG_FORUM_ADD', 'a:1:{i:0;s:69:\"Факултет за земјоделски науки и храна\";}'),(67, 0, 2, 0, 0, 0, 0, '::1', 1581278044, 'LOG_FORUM_COPIED_PERMISSIONS', 'a:2:{i:0;s:18:\"Факултети\";i:1;s:69:\"Факултет за земјоделски науки и храна\";}'),(68, 0, 2, 0, 0, 0, 0, '::1', 1581278061, 'LOG_FORUM_ADD', 'a:1:{i:0;s:33:\"Шумарски факултет\";}'),(69, 0, 2, 0, 0, 0, 0, '::1', 1581278061, 'LOG_FORUM_COPIED_PERMISSIONS', 'a:2:{i:0;s:18:\"Факултети\";i:1;s:33:\"Шумарски факултет\";}'),(70, 0, 2, 0, 0, 0, 0, '::1', 1581278075, 'LOG_FORUM_ADD', 'a:1:{i:0;s:55:\"Факултет за драмски уметности\";}'),(71, 0, 2, 0, 0, 0, 0, '::1', 1581278075, 'LOG_FORUM_COPIED_PERMISSIONS', 'a:2:{i:0;s:18:\"Факултети\";i:1;s:55:\"Факултет за драмски уметности\";}'),(72, 0, 2, 0, 0, 0, 0, '::1', 1581278085, 'LOG_FORUM_ADD', 'a:1:{i:0;s:55:\"Факултет за ликовни уметности\";}'),(73, 0, 2, 0, 0, 0, 0, '::1', 1581278085, 'LOG_FORUM_COPIED_PERMISSIONS', 'a:2:{i:0;s:18:\"Факултети\";i:1;s:55:\"Факултет за ликовни уметности\";}'),(74, 0, 2, 0, 0, 0, 0, '::1', 1581278096, 'LOG_FORUM_ADD', 'a:1:{i:0;s:53:\"Факултет за музичка уметност\";}'),(75, 0, 2, 0, 0, 0, 0, '::1', 1581278096, 'LOG_FORUM_COPIED_PERMISSIONS', 'a:2:{i:0;s:18:\"Факултети\";i:1;s:53:\"Факултет за музичка уметност\";}'),(76, 0, 2, 0, 0, 0, 0, '::1', 1581278164, 'LOG_FORUM_ADD', 'a:1:{i:0;s:18:\"Факултети\";}'),(77, 0, 2, 0, 0, 0, 0, '::1', 1581278164, 'LOG_FORUM_COPIED_PERMISSIONS', 'a:2:{i:0;s:76:\"УНИВЕРЗИТЕТ „КЛИМЕНТ ОХРИДСКИ&quot; БИТОЛА\";i:1;s:18:\"Факултети\";}'),(78, 0, 2, 0, 0, 0, 0, '::1', 1581278189, 'LOG_FORUM_EDIT', 'a:1:{i:0;s:18:\"Факултети\";}'),(79, 0, 2, 0, 0, 0, 0, '::1', 1581278198, 'LOG_FORUM_ADD', 'a:1:{i:0;s:46:\"Технички факултет Битола\";}'),(80, 0, 2, 0, 0, 0, 0, '::1', 1581278198, 'LOG_FORUM_COPIED_PERMISSIONS', 'a:2:{i:0;s:18:\"Факултети\";i:1;s:46:\"Технички факултет Битола\";}'),(81, 0, 2, 0, 0, 0, 0, '::1', 1581278210, 'LOG_FORUM_ADD', 'a:1:{i:0;s:50:\"Економски факултет - Прилеп\";}'),(82, 0, 2, 0, 0, 0, 0, '::1', 1581278210, 'LOG_FORUM_COPIED_PERMISSIONS', 'a:2:{i:0;s:18:\"Факултети\";i:1;s:50:\"Економски факултет - Прилеп\";}'),(83, 0, 2, 0, 0, 0, 0, '::1', 1581278220, 'LOG_FORUM_ADD', 'a:1:{i:0;s:77:\"Факултет за туризам и угостителство Охрид\";}'),(84, 0, 2, 0, 0, 0, 0, '::1', 1581278220, 'LOG_FORUM_COPIED_PERMISSIONS', 'a:2:{i:0;s:18:\"Факултети\";i:1;s:77:\"Факултет за туризам и угостителство Охрид\";}'),(85, 0, 2, 0, 0, 0, 0, '::1', 1581278229, 'LOG_FORUM_ADD', 'a:1:{i:0;s:48:\"Педагошки факултет Битола\";}'),(86, 0, 2, 0, 0, 0, 0, '::1', 1581278229, 'LOG_FORUM_COPIED_PERMISSIONS', 'a:2:{i:0;s:18:\"Факултети\";i:1;s:48:\"Педагошки факултет Битола\";}'),(87, 0, 2, 0, 0, 0, 0, '::1', 1581278241, 'LOG_FORUM_ADD', 'a:1:{i:0;s:130:\"Факултет за администрација и менаџмент на информациски системи Битола\";}'),(88, 0, 2, 0, 0, 0, 0, '::1', 1581278241, 'LOG_FORUM_COPIED_PERMISSIONS', 'a:2:{i:0;s:18:\"Факултети\";i:1;s:130:\"Факултет за администрација и менаџмент на информациски системи Битола\";}'),(89, 0, 2, 0, 0, 0, 0, '::1', 1581278250, 'LOG_FORUM_ADD', 'a:1:{i:0;s:68:\"Факултет за биотехнички науки Битола\";}'),(90, 0, 2, 0, 0, 0, 0, '::1', 1581278250, 'LOG_FORUM_COPIED_PERMISSIONS', 'a:2:{i:0;s:18:\"Факултети\";i:1;s:68:\"Факултет за биотехнички науки Битола\";}'),(91, 0, 2, 0, 0, 0, 0, '::1', 1581278263, 'LOG_FORUM_ADD', 'a:1:{i:0;s:57:\"Висока медицинска школа Битола\";}'),(92, 0, 2, 0, 0, 0, 0, '::1', 1581278263, 'LOG_FORUM_COPIED_PERMISSIONS', 'a:2:{i:0;s:18:\"Факултети\";i:1;s:57:\"Висока медицинска школа Битола\";}'),(93, 0, 2, 0, 0, 0, 0, '::1', 1581278276, 'LOG_FORUM_ADD', 'a:1:{i:0;s:57:\"Факултет за безбедност - Скопје\";}'),(94, 0, 2, 0, 0, 0, 0, '::1', 1581278276, 'LOG_FORUM_COPIED_PERMISSIONS', 'a:2:{i:0;s:18:\"Факултети\";i:1;s:57:\"Факултет за безбедност - Скопје\";}'),(95, 0, 2, 0, 0, 0, 0, '::1', 1581278288, 'LOG_FORUM_ADD', 'a:1:{i:0;s:39:\"Ветеринарен факултет\";}'),(96, 0, 2, 0, 0, 0, 0, '::1', 1581278288, 'LOG_FORUM_COPIED_PERMISSIONS', 'a:2:{i:0;s:18:\"Факултети\";i:1;s:39:\"Ветеринарен факултет\";}'),(97, 0, 2, 0, 0, 0, 0, '::1', 1581278299, 'LOG_FORUM_ADD', 'a:1:{i:0;s:44:\"Правен факултет - Кичево\";}'),(98, 0, 2, 0, 0, 0, 0, '::1', 1581278299, 'LOG_FORUM_COPIED_PERMISSIONS', 'a:2:{i:0;s:18:\"Факултети\";i:1;s:44:\"Правен факултет - Кичево\";}'),(99, 0, 2, 0, 0, 0, 0, '::1', 1581278310, 'LOG_FORUM_ADD', 'a:1:{i:0;s:67:\"Техничко-технолошки факултет - Велес\";}'),(100, 0, 2, 0, 0, 0, 0, '::1', 1581278310, 'LOG_FORUM_COPIED_PERMISSIONS', 'a:2:{i:0;s:18:\"Факултети\";i:1;s:67:\"Техничко-технолошки факултет - Велес\";}'),(101, 0, 2, 0, 0, 0, 0, '::1', 1581278347, 'LOG_FORUM_ADD', 'a:1:{i:0;s:66:\"УНИВЕРЗИТЕТ &quot; ГОЦЕ ДЕЛЧЕВ&quot; ШТИП\";}'),(102, 0, 2, 0, 0, 0, 0, '::1', 1581278347, 'LOG_FORUM_COPIED_PERMISSIONS', 'a:2:{i:0;s:24:\"Универзитети\";i:1;s:66:\"УНИВЕРЗИТЕТ &quot; ГОЦЕ ДЕЛЧЕВ&quot; ШТИП\";}'),(103, 0, 2, 0, 0, 0, 0, '::1', 1581278358, 'LOG_FORUM_ADD', 'a:1:{i:0;s:18:\"Факултети\";}'),(104, 0, 2, 0, 0, 0, 0, '::1', 1581278358, 'LOG_FORUM_COPIED_PERMISSIONS', 'a:2:{i:0;s:66:\"УНИВЕРЗИТЕТ &quot; ГОЦЕ ДЕЛЧЕВ&quot; ШТИП\";i:1;s:18:\"Факултети\";}'),(105, 0, 2, 0, 0, 0, 0, '::1', 1581278366, 'LOG_FORUM_EDIT', 'a:1:{i:0;s:18:\"Факултети\";}'),(106, 0, 2, 0, 0, 0, 0, '::1', 1581278377, 'LOG_FORUM_ADD', 'a:1:{i:0;s:29:\"Правен факултет\";}'),(107, 0, 2, 0, 0, 0, 0, '::1', 1581278377, 'LOG_FORUM_COPIED_PERMISSIONS', 'a:2:{i:0;s:18:\"Факултети\";i:1;s:29:\"Правен факултет\";}'),(108, 0, 2, 0, 0, 0, 0, '::1', 1581278388, 'LOG_FORUM_ADD', 'a:1:{i:0;s:35:\"Економски факултет\";}'),(109, 0, 2, 0, 0, 0, 0, '::1', 1581278388, 'LOG_FORUM_COPIED_PERMISSIONS', 'a:2:{i:0;s:18:\"Факултети\";i:1;s:35:\"Економски факултет\";}'),(110, 0, 2, 0, 0, 0, 0, '::1', 1581278397, 'LOG_FORUM_ADD', 'a:1:{i:0;s:39:\"Земјоделски факултет\";}'),(111, 0, 2, 0, 0, 0, 0, '::1', 1581278398, 'LOG_FORUM_COPIED_PERMISSIONS', 'a:2:{i:0;s:18:\"Факултети\";i:1;s:39:\"Земјоделски факултет\";}'),(112, 0, 2, 0, 0, 0, 0, '::1', 1581278407, 'LOG_FORUM_ADD', 'a:1:{i:0;s:44:\"Факултет за информатика\";}'),(113, 0, 2, 0, 0, 0, 0, '::1', 1581278408, 'LOG_FORUM_COPIED_PERMISSIONS', 'a:2:{i:0;s:18:\"Факултети\";i:1;s:44:\"Факултет за информатика\";}'),(114, 0, 2, 0, 0, 0, 0, '::1', 1581278419, 'LOG_FORUM_ADD', 'a:1:{i:0;s:35:\"Педагошки факултет\";}'),(115, 0, 2, 0, 0, 0, 0, '::1', 1581278419, 'LOG_FORUM_COPIED_PERMISSIONS', 'a:2:{i:0;s:18:\"Факултети\";i:1;s:35:\"Педагошки факултет\";}'),(116, 0, 2, 0, 0, 0, 0, '::1', 1581278430, 'LOG_FORUM_ADD', 'a:1:{i:0;s:69:\"Факултет за природни и технички науки\";}'),(117, 0, 2, 0, 0, 0, 0, '::1', 1581278431, 'LOG_FORUM_COPIED_PERMISSIONS', 'a:2:{i:0;s:18:\"Факултети\";i:1;s:69:\"Факултет за природни и технички науки\";}'),(118, 0, 2, 0, 0, 0, 0, '::1', 1581278442, 'LOG_FORUM_ADD', 'a:1:{i:0;s:53:\"Факултет за музичка уметност\";}'),(119, 0, 2, 0, 0, 0, 0, '::1', 1581278442, 'LOG_FORUM_COPIED_PERMISSIONS', 'a:2:{i:0;s:18:\"Факултети\";i:1;s:53:\"Факултет за музичка уметност\";}'),(120, 0, 2, 0, 0, 0, 0, '::1', 1581278455, 'LOG_FORUM_ADD', 'a:1:{i:0;s:53:\"Факултет за медицински науки\";}'),(121, 0, 2, 0, 0, 0, 0, '::1', 1581278455, 'LOG_FORUM_COPIED_PERMISSIONS', 'a:2:{i:0;s:18:\"Факултети\";i:1;s:53:\"Факултет за медицински науки\";}'),(122, 0, 2, 0, 0, 0, 0, '::1', 1581278469, 'LOG_FORUM_ADD', 'a:1:{i:0;s:35:\"Филолошки факултет\";}'),(123, 0, 2, 0, 0, 0, 0, '::1', 1581278469, 'LOG_FORUM_COPIED_PERMISSIONS', 'a:2:{i:0;s:18:\"Факултети\";i:1;s:35:\"Филолошки факултет\";}'),(124, 0, 2, 0, 0, 0, 0, '::1', 1581278482, 'LOG_FORUM_ADD', 'a:1:{i:0;s:71:\"Факултет за туризам и бизнис логистика\";}'),(125, 0, 2, 0, 0, 0, 0, '::1', 1581278482, 'LOG_FORUM_COPIED_PERMISSIONS', 'a:2:{i:0;s:18:\"Факултети\";i:1;s:71:\"Факултет за туризам и бизнис логистика\";}'),(126, 0, 2, 0, 0, 0, 0, '::1', 1581278492, 'LOG_FORUM_ADD', 'a:1:{i:0;s:85:\"Факултет за рударство геологија и политехника\";}'),(127, 0, 2, 0, 0, 0, 0, '::1', 1581278492, 'LOG_FORUM_COPIED_PERMISSIONS', 'a:2:{i:0;s:18:\"Факултети\";i:1;s:85:\"Факултет за рударство геологија и политехника\";}'),(128, 0, 2, 0, 0, 0, 0, '::1', 1581278509, 'LOG_FORUM_ADD', 'a:1:{i:0;s:69:\"ДРЖАВЕН ТЕТОВСКИ УНИВЕРЗИТЕТ - ТЕТОВО\";}'),(129, 0, 2, 0, 0, 0, 0, '::1', 1581278509, 'LOG_FORUM_COPIED_PERMISSIONS', 'a:2:{i:0;s:24:\"Универзитети\";i:1;s:69:\"ДРЖАВЕН ТЕТОВСКИ УНИВЕРЗИТЕТ - ТЕТОВО\";}'),(130, 0, 2, 0, 0, 0, 0, '::1', 1581278521, 'LOG_FORUM_ADD', 'a:1:{i:0;s:18:\"Факултети\";}'),(131, 0, 2, 0, 0, 0, 0, '::1', 1581278521, 'LOG_FORUM_COPIED_PERMISSIONS', 'a:2:{i:0;s:69:\"ДРЖАВЕН ТЕТОВСКИ УНИВЕРЗИТЕТ - ТЕТОВО\";i:1;s:18:\"Факултети\";}'),(132, 0, 2, 0, 0, 0, 0, '::1', 1581278535, 'LOG_FORUM_ADD', 'a:1:{i:0;s:56:\"Природно-математички факултет\";}'),(133, 0, 2, 0, 0, 0, 0, '::1', 1581278535, 'LOG_FORUM_COPIED_PERMISSIONS', 'a:2:{i:0;s:18:\"Факултети\";i:1;s:56:\"Природно-математички факултет\";}'),(134, 0, 2, 0, 0, 0, 0, '::1', 1581278545, 'LOG_FORUM_ADD', 'a:1:{i:0;s:81:\"Факултет за хуманистички студии и уметности\";}'),(135, 0, 2, 0, 0, 0, 0, '::1', 1581278545, 'LOG_FORUM_COPIED_PERMISSIONS', 'a:2:{i:0;s:18:\"Факултети\";i:1;s:81:\"Факултет за хуманистички студии и уметности\";}'),(136, 0, 2, 0, 0, 0, 0, '::1', 1581278557, 'LOG_FORUM_ADD', 'a:1:{i:0;s:35:\"Економски факултет\";}'),(137, 0, 2, 0, 0, 0, 0, '::1', 1581278557, 'LOG_FORUM_COPIED_PERMISSIONS', 'a:2:{i:0;s:18:\"Факултети\";i:1;s:35:\"Економски факултет\";}'),(138, 0, 2, 0, 0, 0, 0, '::1', 1581278566, 'LOG_FORUM_ADD', 'a:1:{i:0;s:29:\"Правен факултет\";}'),(139, 0, 2, 0, 0, 0, 0, '::1', 1581278566, 'LOG_FORUM_COPIED_PERMISSIONS', 'a:2:{i:0;s:18:\"Факултети\";i:1;s:29:\"Правен факултет\";}'),(140, 0, 2, 0, 0, 0, 0, '::1', 1581278578, 'LOG_FORUM_ADD', 'a:1:{i:0;s:93:\"Центар за политехнички науки - високостручна школа\";}'),(141, 0, 2, 0, 0, 0, 0, '::1', 1581278578, 'LOG_FORUM_COPIED_PERMISSIONS', 'a:2:{i:0;s:18:\"Факултети\";i:1;s:93:\"Центар за политехнички науки - високостручна школа\";}'),(142, 0, 2, 0, 0, 0, 0, '::1', 1581278589, 'LOG_FORUM_ADD', 'a:1:{i:0;s:37:\"Филозофски факултет\";}'),(143, 0, 2, 0, 0, 0, 0, '::1', 1581278589, 'LOG_FORUM_COPIED_PERMISSIONS', 'a:2:{i:0;s:18:\"Факултети\";i:1;s:37:\"Филозофски факултет\";}'),(144, 0, 2, 0, 0, 0, 0, '::1', 1581278599, 'LOG_FORUM_ADD', 'a:1:{i:0;s:63:\"Факултет за бизнис администрација\";}'),(145, 0, 2, 0, 0, 0, 0, '::1', 1581278599, 'LOG_FORUM_COPIED_PERMISSIONS', 'a:2:{i:0;s:18:\"Факултети\";i:1;s:63:\"Факултет за бизнис администрација\";}'),(146, 0, 2, 0, 0, 0, 0, '::1', 1581278635, 'LOG_FORUM_ADD', 'a:1:{i:0;s:77:\"УНИВЕРЗИТЕТ НА ЈУГОИСТОЧНА ЕВРОПА- ТЕТОВО\";}'),(147, 0, 2, 0, 0, 0, 0, '::1', 1581278635, 'LOG_FORUM_COPIED_PERMISSIONS', 'a:2:{i:0;s:24:\"Универзитети\";i:1;s:77:\"УНИВЕРЗИТЕТ НА ЈУГОИСТОЧНА ЕВРОПА- ТЕТОВО\";}'),(148, 0, 2, 0, 0, 0, 0, '::1', 1581278648, 'LOG_FORUM_ADD', 'a:1:{i:0;s:18:\"Факултети\";}'),(149, 0, 2, 0, 0, 0, 0, '::1', 1581278648, 'LOG_FORUM_COPIED_PERMISSIONS', 'a:2:{i:0;s:77:\"УНИВЕРЗИТЕТ НА ЈУГОИСТОЧНА ЕВРОПА- ТЕТОВО\";i:1;s:18:\"Факултети\";}'),(150, 0, 2, 0, 0, 0, 0, '::1', 1581278661, 'LOG_FORUM_ADD', 'a:1:{i:0;s:56:\"Факултет за бизнис и економија\";}'),(151, 0, 2, 0, 0, 0, 0, '::1', 1581278661, 'LOG_FORUM_COPIED_PERMISSIONS', 'a:2:{i:0;s:18:\"Факултети\";i:1;s:56:\"Факултет за бизнис и економија\";}'),(152, 0, 2, 0, 0, 0, 0, '::1', 1581278671, 'LOG_FORUM_ADD', 'a:1:{i:0;s:92:\"Факултет за јавна админстрација и политички науки\";}'),(153, 0, 2, 0, 0, 0, 0, '::1', 1581278671, 'LOG_FORUM_COPIED_PERMISSIONS', 'a:2:{i:0;s:18:\"Факултети\";i:1;s:92:\"Факултет за јавна админстрација и политички науки\";}'),(154, 0, 2, 0, 0, 0, 0, '::1', 1581278682, 'LOG_FORUM_ADD', 'a:1:{i:0;s:75:\"Факултет за современи науки и технологии\";}'),(155, 0, 2, 0, 0, 0, 0, '::1', 1581278682, 'LOG_FORUM_COPIED_PERMISSIONS', 'a:2:{i:0;s:18:\"Факултети\";i:1;s:75:\"Факултет за современи науки и технологии\";}'),(156, 0, 2, 0, 0, 0, 0, '::1', 1581278691, 'LOG_FORUM_ADD', 'a:1:{i:0;s:29:\"Правен Факултет\";}'),(157, 0, 2, 0, 0, 0, 0, '::1', 1581278691, 'LOG_FORUM_COPIED_PERMISSIONS', 'a:2:{i:0;s:18:\"Факултети\";i:1;s:29:\"Правен Факултет\";}'),(158, 0, 2, 0, 0, 0, 0, '::1', 1581278700, 'LOG_FORUM_ADD', 'a:1:{i:0;s:78:\"Факултет за јазици, култури и комуникација\";}'),(159, 0, 2, 0, 0, 0, 0, '::1', 1581278700, 'LOG_FORUM_COPIED_PERMISSIONS', 'a:2:{i:0;s:18:\"Факултети\";i:1;s:78:\"Факултет за јазици, култури и комуникација\";}'),(160, 0, 2, 0, 0, 0, 0, '::1', 1581278723, 'LOG_FORUM_ADD', 'a:1:{i:0;s:139:\"Универзитет за информтички науки и технологии „Св. Апостол Павле“ во Охрид\";}'),(161, 0, 2, 0, 0, 0, 0, '::1', 1581278723, 'LOG_FORUM_COPIED_PERMISSIONS', 'a:2:{i:0;s:24:\"Универзитети\";i:1;s:139:\"Универзитет за информтички науки и технологии „Св. Апостол Павле“ во Охрид\";}'),(162, 0, 2, 0, 0, 0, 0, '::1', 1581278738, 'LOG_FORUM_ADD', 'a:1:{i:0;s:18:\"Факултети\";}'),(163, 0, 2, 0, 0, 0, 0, '::1', 1581278738, 'LOG_FORUM_COPIED_PERMISSIONS', 'a:2:{i:0;s:139:\"Универзитет за информтички науки и технологии „Св. Апостол Павле“ во Охрид\";i:1;s:18:\"Факултети\";}'),(164, 0, 2, 0, 0, 0, 0, '::1', 1581278748, 'LOG_FORUM_ADD', 'a:1:{i:0;s:83:\"Факултет за комуникациски мрежи и безбедност\";}'),(165, 0, 2, 0, 0, 0, 0, '::1', 1581278748, 'LOG_FORUM_COPIED_PERMISSIONS', 'a:2:{i:0;s:18:\"Факултети\";i:1;s:83:\"Факултет за комуникациски мрежи и безбедност\";}'),(166, 0, 2, 0, 0, 0, 0, '::1', 1581278760, 'LOG_FORUM_ADD', 'a:1:{i:0;s:83:\"Факултет за компјутерски науки и инженерство\";}'),(167, 0, 2, 0, 0, 0, 0, '::1', 1581278760, 'LOG_FORUM_COPIED_PERMISSIONS', 'a:2:{i:0;s:18:\"Факултети\";i:1;s:83:\"Факултет за компјутерски науки и инженерство\";}'),(168, 0, 2, 0, 0, 0, 0, '::1', 1581278770, 'LOG_FORUM_ADD', 'a:1:{i:0;s:178:\"Факултет за информатички системи, визуелизација, дигитална, мултимедијална и анимациска техника\";}'),(169, 0, 2, 0, 0, 0, 0, '::1', 1581278770, 'LOG_FORUM_COPIED_PERMISSIONS', 'a:2:{i:0;s:18:\"Факултети\";i:1;s:178:\"Факултет за информатички системи, визуелизација, дигитална, мултимедијална и анимациска техника\";}'),(170, 0, 2, 0, 0, 0, 0, '::1', 1581278779, 'LOG_FORUM_ADD', 'a:1:{i:0;s:77:\"Факултет за информациони теории и анализи\";}'),(171, 0, 2, 0, 0, 0, 0, '::1', 1581278779, 'LOG_FORUM_COPIED_PERMISSIONS', 'a:2:{i:0;s:18:\"Факултети\";i:1;s:77:\"Факултет за информациони теории и анализи\";}'),(172, 0, 2, 0, 0, 0, 0, '::1', 1581278789, 'LOG_FORUM_ADD', 'a:1:{i:0;s:85:\"Факултет за машинска интелегенција и роботика\";}'),(173, 0, 2, 0, 0, 0, 0, '::1', 1581278789, 'LOG_FORUM_COPIED_PERMISSIONS', 'a:2:{i:0;s:18:\"Факултети\";i:1;s:85:\"Факултет за машинска интелегенција и роботика\";}'),(174, 0, 2, 0, 0, 0, 0, '::1', 1581278799, 'LOG_FORUM_ADD', 'a:1:{i:0;s:128:\"Двегодишни магистерски студии по информатички науки и технологии при\";}'),(175, 0, 2, 0, 0, 0, 0, '::1', 1581278799, 'LOG_FORUM_COPIED_PERMISSIONS', 'a:2:{i:0;s:18:\"Факултети\";i:1;s:128:\"Двегодишни магистерски студии по информатички науки и технологии при\";}'),(176, 0, 2, 0, 0, 0, 0, '::1', 1581278815, 'LOG_FORUM_ADD', 'a:1:{i:0;s:68:\"УНИВЕРЗИТЕТ „МАЈКА ТЕРЕЗА&quot; СКОПЈЕ\";}'),(177, 0, 2, 0, 0, 0, 0, '::1', 1581278815, 'LOG_FORUM_COPIED_PERMISSIONS', 'a:2:{i:0;s:24:\"Универзитети\";i:1;s:68:\"УНИВЕРЗИТЕТ „МАЈКА ТЕРЕЗА&quot; СКОПЈЕ\";}'),(178, 0, 2, 0, 0, 0, 0, '::1', 1581279035, 'LOG_FORUM_EDIT', 'a:1:{i:0;s:21:\"StudentCommunity News\";}'),(179, 0, 2, 0, 0, 0, 0, '::1', 1581279073, 'LOG_FORUM_ADD', 'a:1:{i:0;s:14:\"Новости\";}'),(180, 0, 2, 0, 0, 0, 0, '::1', 1581279073, 'LOG_FORUM_COPIED_PERMISSIONS', 'a:2:{i:0;s:21:\"StudentCommunity News\";i:1;s:14:\"Новости\";}'),(181, 0, 2, 0, 0, 0, 0, '::1', 1581279103, 'LOG_FORUM_EDIT', 'a:1:{i:0;s:8:\"Идеи\";}'),(182, 0, 2, 0, 0, 0, 0, '::1', 1581279103, 'LOG_FORUM_COPIED_PERMISSIONS', 'a:2:{i:0;s:24:\"Универзитети\";i:1;s:8:\"Идеи\";}'),(183, 0, 2, 0, 0, 0, 0, '::1', 1581279123, 'LOG_FORUM_EDIT', 'a:1:{i:0;s:21:\"StudentCommunity News\";}'),(184, 0, 2, 0, 0, 0, 0, '::1', 1581279123, 'LOG_FORUM_COPIED_PERMISSIONS', 'a:2:{i:0;s:24:\"Универзитети\";i:1;s:21:\"StudentCommunity News\";}'),(185, 0, 2, 0, 0, 0, 0, '::1', 1581279278, 'LOG_FORUM_COPIED_PERMISSIONS', 'a:2:{i:0;s:18:\"Факултети\";i:1;s:5442:\"Универзитети, УНИВЕРЗИТЕТ „СВ.КИРИЛ И МЕТОДИЈ&quot; СКОПЈЕ, УНИВЕРЗИТЕТ „КЛИМЕНТ ОХРИДСКИ&quot; БИТОЛА, Факултети, Факултет за информатички науки и компјутерско инжинерство (ФИНКИ), Архитектонски факултет, Градежен факултет, Факултет за електротехника иинформациски технологии (ФЕИТ), Предмети, Feedback на професори/асистенти, Прашања/совети, Забава (гифови, мемиња...), Администрација, Настани, Правила при пишување на thread, Студентски домови, ДСД „Скопје&quot;, СД Пелагонија, СД Сениќ, Пофалби/ поплаки, Прашања/совети, Забава (гифови,мемиња,видеа,...), Настани, Администрација, Размена на студентски домови, Правила при пишување на thread, StudentCommunity News, StudentCommunity Cafe, Спорт, Музика, Филмови и серии, Идеи, Проекти, Start ups, Машински факултет, Технолошко металуршки факултет, Природно-математички факултет, Економски факултет, Правен факултет, Филозофски факултет, Филолошки факултет „Блаже Конески“, Педагошки факултет „Св.Климент Охридски“, Воена академија „Михаил Апостолски&quot; Скопје, Медицински факултет, Фармацевтски факултет, Стоматолошки факултет, Факултет за физичка култура, Факултет за земјоделски науки и храна, Шумарски факултет, Факултет за драмски уметности, Факултет за ликовни уметности, Факултет за музичка уметност, Факултети, Технички факултет Битола, Економски факултет - Прилеп, Факултет за туризам и угостителство Охрид, Педагошки факултет Битола, Факултет за администрација и менаџмент на информациски системи Битола, Факултет за биотехнички науки Битола, Висока медицинска школа Битола, Факултет за безбедност - Скопје, Ветеринарен факултет, Правен факултет - Кичево, Техничко-технолошки факултет - Велес, УНИВЕРЗИТЕТ &quot; ГОЦЕ ДЕЛЧЕВ&quot; ШТИП, Факултети, Правен факултет, Економски факултет, Земјоделски факултет, Факултет за информатика, Педагошки факултет, Факултет за природни и технички науки, Факултет за музичка уметност, Факултет за медицински науки, Филолошки факултет, Факултет за туризам и бизнис логистика, Факултет за рударство геологија и политехника, ДРЖАВЕН ТЕТОВСКИ УНИВЕРЗИТЕТ - ТЕТОВО, Факултети, Природно-математички факултет, Факултет за хуманистички студии и уметности, Економски факултет, Правен факултет, Центар за политехнички науки - високостручна школа, Филозофски факултет, Факултет за бизнис администрација, УНИВЕРЗИТЕТ НА ЈУГОИСТОЧНА ЕВРОПА- ТЕТОВО, Факултети, Факултет за бизнис и економија, Факултет за јавна админстрација и политички науки, Факултет за современи науки и технологии, Правен Факултет, Факултет за јазици, култури и комуникација, Универзитет за информтички науки и технологии „Св. Апостол Павле“ во Охрид, Факултети, Факултет за комуникациски мрежи и безбедност, Факултет за компјутерски науки и инженерство, Факултет за информатички системи, визуелизација, дигитална, мултимедијална и анимациска техника, Факултет за информациони теории и анализи, Факултет за машинска интелегенција и роботика, Двегодишни магистерски студии по информатички науки и технологии при, УНИВЕРЗИТЕТ „МАЈКА ТЕРЕЗА&quot; СКОПЈЕ, Новости\";}'),(186, 0, 2, 0, 0, 0, 0, '::1', 1581279533, 'LOG_ADMIN_AUTH_SUCCESS', ''),(187, 0, 2, 0, 0, 0, 0, '::1', 1581279558, 'LOG_FORUM_ADD', 'a:1:{i:0;s:41:\"СД Никола Карев - Охрид\";}'),(188, 0, 2, 0, 0, 0, 0, '::1', 1581279558, 'LOG_FORUM_COPIED_PERMISSIONS', 'a:2:{i:0;s:33:\"Студентски домови\";i:1;s:41:\"СД Никола Карев - Охрид\";}'),(189, 0, 2, 0, 0, 0, 0, '::1', 1581279573, 'LOG_FORUM_ADD', 'a:1:{i:0;s:41:\"СД Орде Чопела - Прилеп\";}'),(190, 0, 2, 0, 0, 0, 0, '::1', 1581279573, 'LOG_FORUM_COPIED_PERMISSIONS', 'a:2:{i:0;s:33:\"Студентски домови\";i:1;s:41:\"СД Орде Чопела - Прилеп\";}'),(191, 0, 2, 0, 0, 0, 0, '::1', 1581279607, 'LOG_FORUM_DEL_POSTS', 'a:1:{i:0;s:25:\"СД Пелагонија\";}'),(192, 0, 2, 0, 0, 0, 0, '::1', 1581279614, 'LOG_FORUM_DEL_POSTS', 'a:1:{i:0;s:15:\"СД Сениќ\";}'),(193, 0, 2, 0, 0, 0, 0, '::1', 1581279619, 'LOG_FORUM_DEL_POSTS', 'a:1:{i:0;s:41:\"СД Никола Карев - Охрид\";}'),(194, 0, 2, 0, 0, 0, 0, '::1', 1581279628, 'LOG_FORUM_DEL_POSTS', 'a:1:{i:0;s:41:\"СД Орде Чопела - Прилеп\";}'),(195, 0, 2, 0, 0, 0, 0, '::1', 1581279792, 'LOG_FORUM_EDIT', 'a:1:{i:0;s:45:\"„Гоце Делчев&quot; - Скопје\";}'),(196, 0, 2, 0, 0, 0, 0, '::1', 1581279822, 'LOG_FORUM_ADD', 'a:1:{i:0;s:68:\"„Кузман Јосифовски - Питу&quot; - Скопје\";}'),(197, 0, 2, 0, 0, 0, 0, '::1', 1581279822, 'LOG_FORUM_COPIED_PERMISSIONS', 'a:2:{i:0;s:33:\"Студентски домови\";i:1;s:68:\"„Кузман Јосифовски - Питу&quot; - Скопје\";}'),(198, 0, 2, 0, 0, 0, 0, '::1', 1581279837, 'LOG_FORUM_ADD', 'a:1:{i:0;s:45:\"„Стив Наумов&quot; - Скопје\";}'),(199, 0, 2, 0, 0, 0, 0, '::1', 1581279837, 'LOG_FORUM_COPIED_PERMISSIONS', 'a:2:{i:0;s:33:\"Студентски домови\";i:1;s:45:\"„Стив Наумов&quot; - Скопје\";}'),(200, 0, 2, 0, 0, 0, 0, '::1', 1581279857, 'LOG_FORUM_ADD', 'a:1:{i:0;s:44:\"„Пелагонија&quot; - Скопје\";}'),(201, 0, 2, 0, 0, 0, 0, '::1', 1581279857, 'LOG_FORUM_COPIED_PERMISSIONS', 'a:2:{i:0;s:33:\"Студентски домови\";i:1;s:44:\"„Пелагонија&quot; - Скопје\";}'),(202, 0, 2, 0, 0, 0, 0, '::1', 1581279882, 'LOG_FORUM_ADD', 'a:1:{i:0;s:66:\"„Невена Ѓеорѓиева - Дуња&quot; - Скопје\";}'),(203, 0, 2, 0, 0, 0, 0, '::1', 1581279882, 'LOG_FORUM_COPIED_PERMISSIONS', 'a:2:{i:0;s:33:\"Студентски домови\";i:1;s:66:\"„Невена Ѓеорѓиева - Дуња&quot; - Скопје\";}'),(204, 0, 2, 0, 0, 0, 0, '::1', 1581279901, 'LOG_FORUM_ADD', 'a:1:{i:0;s:68:\"„Томе Стефановски - Сениќ&quot; - Скопје\";}'),(205, 0, 2, 0, 0, 0, 0, '::1', 1581279901, 'LOG_FORUM_COPIED_PERMISSIONS', 'a:2:{i:0;s:33:\"Студентски домови\";i:1;s:68:\"„Томе Стефановски - Сениќ&quot; - Скопје\";}'),(206, 0, 2, 0, 0, 0, 0, '::1', 1581279923, 'LOG_FORUM_ADD', 'a:1:{i:0;s:43:\"„Кочо Рацин&quot; - Битола\";}'),(207, 0, 2, 0, 0, 0, 0, '::1', 1581279923, 'LOG_FORUM_COPIED_PERMISSIONS', 'a:2:{i:0;s:33:\"Студентски домови\";i:1;s:43:\"„Кочо Рацин&quot; - Битола\";}'),(208, 0, 2, 0, 0, 0, 0, '::1', 1581279955, 'LOG_FORUM_ADD', 'a:1:{i:0;s:71:\"„Народен херој Орце Чопола&quot; - Прилеп\";}'),(209, 0, 2, 0, 0, 0, 0, '::1', 1581279955, 'LOG_FORUM_COPIED_PERMISSIONS', 'a:2:{i:0;s:33:\"Студентски домови\";i:1;s:71:\"„Народен херој Орце Чопола&quot; - Прилеп\";}'),(210, 0, 2, 0, 0, 0, 0, '::1', 1581279972, 'LOG_FORUM_ADD', 'a:1:{i:0;s:45:\"„Никола Карев&quot; - Охрид\";}'),(211, 0, 2, 0, 0, 0, 0, '::1', 1581279972, 'LOG_FORUM_COPIED_PERMISSIONS', 'a:2:{i:0;s:33:\"Студентски домови\";i:1;s:45:\"„Никола Карев&quot; - Охрид\";}'),(212, 0, 2, 0, 0, 0, 0, '::1', 1581279999, 'LOG_FORUM_ADD', 'a:1:{i:0;s:53:\"„Браќа Миладоновци&quot; - Штип\";}'),(213, 0, 2, 0, 0, 0, 0, '::1', 1581279999, 'LOG_FORUM_COPIED_PERMISSIONS', 'a:2:{i:0;s:33:\"Студентски домови\";i:1;s:53:\"„Браќа Миладоновци&quot; - Штип\";}'),(214, 0, 2, 0, 0, 0, 0, '::1', 1581280032, 'LOG_FORUM_ADD', 'a:1:{i:0;s:42:\"„Хилјадников&quot; - Штип\";}'),(215, 0, 2, 0, 0, 0, 0, '::1', 1581280032, 'LOG_FORUM_COPIED_PERMISSIONS', 'a:2:{i:0;s:33:\"Студентски домови\";i:1;s:42:\"„Хилјадников&quot; - Штип\";}'),(216, 0, 2, 0, 0, 0, 0, '::1', 1581280058, 'LOG_FORUM_ADD', 'a:1:{i:0;s:59:\"„Бранко Станоевиќ&quot; - Гостивар\";}'),(217, 0, 2, 0, 0, 0, 0, '::1', 1581280058, 'LOG_FORUM_COPIED_PERMISSIONS', 'a:2:{i:0;s:33:\"Студентски домови\";i:1;s:59:\"„Бранко Станоевиќ&quot; - Гостивар\";}'),(218, 0, 2, 0, 0, 0, 0, '::1', 1581280082, 'LOG_FORUM_ADD', 'a:1:{i:0;s:53:\"„Доне Божинов&quot; - Пробиштип\";}'),(219, 0, 2, 0, 0, 0, 0, '::1', 1581280082, 'LOG_FORUM_COPIED_PERMISSIONS', 'a:2:{i:0;s:33:\"Студентски домови\";i:1;s:53:\"„Доне Божинов&quot; - Пробиштип\";}'),(220, 0, 2, 0, 0, 0, 0, '::1', 1581280869, 'LOG_ADMIN_AUTH_SUCCESS', ''),(221, 0, 2, 0, 0, 0, 0, '::1', 1581281481, 'LOG_DB_BACKUP', '');

# Table: phpbb_login_attempts
DROP TABLE IF EXISTS phpbb_login_attempts;
CREATE TABLE `phpbb_login_attempts` (
  `attempt_ip` varchar(40) COLLATE utf8_bin NOT NULL DEFAULT '',
  `attempt_browser` varchar(150) COLLATE utf8_bin NOT NULL DEFAULT '',
  `attempt_forwarded_for` varchar(255) COLLATE utf8_bin NOT NULL DEFAULT '',
  `attempt_time` int(11) unsigned NOT NULL DEFAULT 0,
  `user_id` int(10) unsigned NOT NULL DEFAULT 0,
  `username` varchar(255) COLLATE utf8_bin NOT NULL DEFAULT '0',
  `username_clean` varchar(255) COLLATE utf8_bin NOT NULL DEFAULT '0',
  KEY `att_ip` (`attempt_ip`,`attempt_time`),
  KEY `att_for` (`attempt_forwarded_for`,`attempt_time`),
  KEY `att_time` (`attempt_time`),
  KEY `user_id` (`user_id`)
) ENGINE=InnoDB DEFAULT CHARSET=utf8 COLLATE=utf8_bin;

# Table: phpbb_migrations
DROP TABLE IF EXISTS phpbb_migrations;
CREATE TABLE `phpbb_migrations` (
  `migration_name` varchar(255) COLLATE utf8_bin NOT NULL DEFAULT '',
  `migration_depends_on` text COLLATE utf8_bin NOT NULL,
  `migration_schema_done` tinyint(1) unsigned NOT NULL DEFAULT 0,
  `migration_data_done` tinyint(1) unsigned NOT NULL DEFAULT 0,
  `migration_data_state` text COLLATE utf8_bin NOT NULL,
  `migration_start_time` int(11) unsigned NOT NULL DEFAULT 0,
  `migration_end_time` int(11) unsigned NOT NULL DEFAULT 0,
  PRIMARY KEY (`migration_name`)
) ENGINE=InnoDB DEFAULT CHARSET=utf8 COLLATE=utf8_bin;

INSERT INTO phpbb_migrations (migration_name, migration_depends_on, migration_schema_done, migration_data_done, migration_data_state, migration_start_time, migration_end_time) VALUES ('\\phpbb\\db\\migration\\data\\v30x\\local_url_bbcode', 'a:1:{i:0;s:48:\"\\phpbb\\db\\migration\\data\\v30x\\release_3_0_12_rc1\";}', 1, 1, '', 1580733505, 1580733505),('\\phpbb\\db\\migration\\data\\v30x\\release_3_0_0', 'a:0:{}', 1, 1, '', 1580733505, 1580733505),('\\phpbb\\db\\migration\\data\\v30x\\release_3_0_1', 'a:1:{i:0;s:47:\"\\phpbb\\db\\migration\\data\\v30x\\release_3_0_1_rc1\";}', 1, 1, '', 1580733505, 1580733505),('\\phpbb\\db\\migration\\data\\v30x\\release_3_0_10', 'a:1:{i:0;s:48:\"\\phpbb\\db\\migration\\data\\v30x\\release_3_0_10_rc3\";}', 1, 1, '', 1580733505, 1580733505),('\\phpbb\\db\\migration\\data\\v30x\\release_3_0_10_rc1', 'a:1:{i:0;s:43:\"\\phpbb\\db\\migration\\data\\v30x\\release_3_0_9\";}', 1, 1, '', 1580733505, 1580733505),('\\phpbb\\db\\migration\\data\\v30x\\release_3_0_10_rc2', 'a:1:{i:0;s:48:\"\\phpbb\\db\\migration\\data\\v30x\\release_3_0_10_rc1\";}', 1, 1, '', 1580733505, 1580733505),('\\phpbb\\db\\migration\\data\\v30x\\release_3_0_10_rc3', 'a:1:{i:0;s:48:\"\\phpbb\\db\\migration\\data\\v30x\\release_3_0_10_rc2\";}', 1, 1, '', 1580733505, 1580733505),('\\phpbb\\db\\migration\\data\\v30x\\release_3_0_11', 'a:1:{i:0;s:48:\"\\phpbb\\db\\migration\\data\\v30x\\release_3_0_11_rc2\";}', 1, 1, '', 1580733505, 1580733505),('\\phpbb\\db\\migration\\data\\v30x\\release_3_0_11_rc1', 'a:1:{i:0;s:44:\"\\phpbb\\db\\migration\\data\\v30x\\release_3_0_10\";}', 1, 1, '', 1580733505, 1580733505),('\\phpbb\\db\\migration\\data\\v30x\\release_3_0_11_rc2', 'a:1:{i:0;s:48:\"\\phpbb\\db\\migration\\data\\v30x\\release_3_0_11_rc1\";}', 1, 1, '', 1580733505, 1580733505),('\\phpbb\\db\\migration\\data\\v30x\\release_3_0_12', 'a:1:{i:0;s:48:\"\\phpbb\\db\\migration\\data\\v30x\\release_3_0_12_rc3\";}', 1, 1, '', 1580733505, 1580733505),('\\phpbb\\db\\migration\\data\\v30x\\release_3_0_12_rc1', 'a:1:{i:0;s:44:\"\\phpbb\\db\\migration\\data\\v30x\\release_3_0_11\";}', 1, 1, '', 1580733505, 1580733505),('\\phpbb\\db\\migration\\data\\v30x\\release_3_0_12_rc2', 'a:1:{i:0;s:48:\"\\phpbb\\db\\migration\\data\\v30x\\release_3_0_12_rc1\";}', 1, 1, '', 1580733505, 1580733505),('\\phpbb\\db\\migration\\data\\v30x\\release_3_0_12_rc3', 'a:1:{i:0;s:48:\"\\phpbb\\db\\migration\\data\\v30x\\release_3_0_12_rc2\";}', 1, 1, '', 1580733505, 1580733505),('\\phpbb\\db\\migration\\data\\v30x\\release_3_0_13', 'a:1:{i:0;s:48:\"\\phpbb\\db\\migration\\data\\v30x\\release_3_0_13_rc1\";}', 1, 1, '', 1580733505, 1580733505),('\\phpbb\\db\\migration\\data\\v30x\\release_3_0_13_pl1', 'a:1:{i:0;s:44:\"\\phpbb\\db\\migration\\data\\v30x\\release_3_0_13\";}', 1, 1, '', 1580733505, 1580733505),('\\phpbb\\db\\migration\\data\\v30x\\release_3_0_13_rc1', 'a:1:{i:0;s:44:\"\\phpbb\\db\\migration\\data\\v30x\\release_3_0_12\";}', 1, 1, '', 1580733505, 1580733505),('\\phpbb\\db\\migration\\data\\v30x\\release_3_0_14', 'a:1:{i:0;s:48:\"\\phpbb\\db\\migration\\data\\v30x\\release_3_0_14_rc1\";}', 1, 1, '', 1580733505, 1580733505),('\\phpbb\\db\\migration\\data\\v30x\\release_3_0_14_rc1', 'a:1:{i:0;s:44:\"\\phpbb\\db\\migration\\data\\v30x\\release_3_0_13\";}', 1, 1, '', 1580733505, 1580733505),('\\phpbb\\db\\migration\\data\\v30x\\release_3_0_1_rc1', 'a:1:{i:0;s:43:\"\\phpbb\\db\\migration\\data\\v30x\\release_3_0_0\";}', 1, 1, '', 1580733505, 1580733505),('\\phpbb\\db\\migration\\data\\v30x\\release_3_0_2', 'a:1:{i:0;s:47:\"\\phpbb\\db\\migration\\data\\v30x\\release_3_0_2_rc2\";}', 1, 1, '', 1580733505, 1580733505),('\\phpbb\\db\\migration\\data\\v30x\\release_3_0_2_rc1', 'a:1:{i:0;s:43:\"\\phpbb\\db\\migration\\data\\v30x\\release_3_0_1\";}', 1, 1, '', 1580733505, 1580733505),('\\phpbb\\db\\migration\\data\\v30x\\release_3_0_2_rc2', 'a:1:{i:0;s:47:\"\\phpbb\\db\\migration\\data\\v30x\\release_3_0_2_rc1\";}', 1, 1, '', 1580733505, 1580733505),('\\phpbb\\db\\migration\\data\\v30x\\release_3_0_3', 'a:1:{i:0;s:47:\"\\phpbb\\db\\migration\\data\\v30x\\release_3_0_3_rc1\";}', 1, 1, '', 1580733505, 1580733505),('\\phpbb\\db\\migration\\data\\v30x\\release_3_0_3_rc1', 'a:1:{i:0;s:43:\"\\phpbb\\db\\migration\\data\\v30x\\release_3_0_2\";}', 1, 1, '', 1580733505, 1580733505),('\\phpbb\\db\\migration\\data\\v30x\\release_3_0_4', 'a:1:{i:0;s:47:\"\\phpbb\\db\\migration\\data\\v30x\\release_3_0_4_rc1\";}', 1, 1, '', 1580733505, 1580733505),('\\phpbb\\db\\migration\\data\\v30x\\release_3_0_4_rc1', 'a:1:{i:0;s:43:\"\\phpbb\\db\\migration\\data\\v30x\\release_3_0_3\";}', 1, 1, '', 1580733505, 1580733505),('\\phpbb\\db\\migration\\data\\v30x\\release_3_0_5', 'a:1:{i:0;s:52:\"\\phpbb\\db\\migration\\data\\v30x\\release_3_0_5_rc1part2\";}', 1, 1, '', 1580733505, 1580733505),('\\phpbb\\db\\migration\\data\\v30x\\release_3_0_5_rc1', 'a:1:{i:0;s:43:\"\\phpbb\\db\\migration\\data\\v30x\\release_3_0_4\";}', 1, 1, '', 1580733505, 1580733505),('\\phpbb\\db\\migration\\data\\v30x\\release_3_0_5_rc1part2', 'a:1:{i:0;s:47:\"\\phpbb\\db\\migration\\data\\v30x\\release_3_0_5_rc1\";}', 1, 1, '', 1580733505, 1580733505),('\\phpbb\\db\\migration\\data\\v30x\\release_3_0_6', 'a:1:{i:0;s:47:\"\\phpbb\\db\\migration\\data\\v30x\\release_3_0_6_rc4\";}', 1, 1, '', 1580733505, 1580733505),('\\phpbb\\db\\migration\\data\\v30x\\release_3_0_6_rc1', 'a:1:{i:0;s:43:\"\\phpbb\\db\\migration\\data\\v30x\\release_3_0_5\";}', 1, 1, '', 1580733505, 1580733505),('\\phpbb\\db\\migration\\data\\v30x\\release_3_0_6_rc2', 'a:1:{i:0;s:47:\"\\phpbb\\db\\migration\\data\\v30x\\release_3_0_6_rc1\";}', 1, 1, '', 1580733505, 1580733505),('\\phpbb\\db\\migration\\data\\v30x\\release_3_0_6_rc3', 'a:1:{i:0;s:47:\"\\phpbb\\db\\migration\\data\\v30x\\release_3_0_6_rc2\";}', 1, 1, '', 1580733505, 1580733505),('\\phpbb\\db\\migration\\data\\v30x\\release_3_0_6_rc4', 'a:1:{i:0;s:47:\"\\phpbb\\db\\migration\\data\\v30x\\release_3_0_6_rc3\";}', 1, 1, '', 1580733505, 1580733505),('\\phpbb\\db\\migration\\data\\v30x\\release_3_0_7', 'a:1:{i:0;s:47:\"\\phpbb\\db\\migration\\data\\v30x\\release_3_0_7_rc2\";}', 1, 1, '', 1580733505, 1580733505),('\\phpbb\\db\\migration\\data\\v30x\\release_3_0_7_pl1', 'a:1:{i:0;s:43:\"\\phpbb\\db\\migration\\data\\v30x\\release_3_0_7\";}', 1, 1, '', 1580733505, 1580733505),('\\phpbb\\db\\migration\\data\\v30x\\release_3_0_7_rc1', 'a:1:{i:0;s:43:\"\\phpbb\\db\\migration\\data\\v30x\\release_3_0_6\";}', 1, 1, '', 1580733505, 1580733505),('\\phpbb\\db\\migration\\data\\v30x\\release_3_0_7_rc2', 'a:1:{i:0;s:47:\"\\phpbb\\db\\migration\\data\\v30x\\release_3_0_7_rc1\";}', 1, 1, '', 1580733505, 1580733505),('\\phpbb\\db\\migration\\data\\v30x\\release_3_0_8', 'a:1:{i:0;s:47:\"\\phpbb\\db\\migration\\data\\v30x\\release_3_0_8_rc1\";}', 1, 1, '', 1580733505, 1580733505),('\\phpbb\\db\\migration\\data\\v30x\\release_3_0_8_rc1', 'a:1:{i:0;s:47:\"\\phpbb\\db\\migration\\data\\v30x\\release_3_0_7_pl1\";}', 1, 1, '', 1580733505, 1580733505),('\\phpbb\\db\\migration\\data\\v30x\\release_3_0_9', 'a:1:{i:0;s:47:\"\\phpbb\\db\\migration\\data\\v30x\\release_3_0_9_rc4\";}', 1, 1, '', 1580733505, 1580733505),('\\phpbb\\db\\migration\\data\\v30x\\release_3_0_9_rc1', 'a:1:{i:0;s:43:\"\\phpbb\\db\\migration\\data\\v30x\\release_3_0_8\";}', 1, 1, '', 1580733505, 1580733505),('\\phpbb\\db\\migration\\data\\v30x\\release_3_0_9_rc2', 'a:1:{i:0;s:47:\"\\phpbb\\db\\migration\\data\\v30x\\release_3_0_9_rc1\";}', 1, 1, '', 1580733505, 1580733505),('\\phpbb\\db\\migration\\data\\v30x\\release_3_0_9_rc3', 'a:1:{i:0;s:47:\"\\phpbb\\db\\migration\\data\\v30x\\release_3_0_9_rc2\";}', 1, 1, '', 1580733505, 1580733505),('\\phpbb\\db\\migration\\data\\v30x\\release_3_0_9_rc4', 'a:1:{i:0;s:47:\"\\phpbb\\db\\migration\\data\\v30x\\release_3_0_9_rc3\";}', 1, 1, '', 1580733505, 1580733505),('\\phpbb\\db\\migration\\data\\v310\\acp_prune_users_module', 'a:1:{i:0;s:35:\"\\phpbb\\db\\migration\\data\\v310\\beta1\";}', 1, 1, '', 1580733505, 1580733505),('\\phpbb\\db\\migration\\data\\v310\\acp_style_components_module', 'a:1:{i:0;s:33:\"\\phpbb\\db\\migration\\data\\v310\\dev\";}', 1, 1, '', 1580733505, 1580733505),('\\phpbb\\db\\migration\\data\\v310\\allow_cdn', 'a:1:{i:0;s:43:\"\\phpbb\\db\\migration\\data\\v310\\jquery_update\";}', 1, 1, '', 1580733505, 1580733505),('\\phpbb\\db\\migration\\data\\v310\\alpha1', 'a:18:{i:0;s:46:\"\\phpbb\\db\\migration\\data\\v30x\\local_url_bbcode\";i:1;s:44:\"\\phpbb\\db\\migration\\data\\v30x\\release_3_0_12\";i:2;s:57:\"\\phpbb\\db\\migration\\data\\v310\\acp_style_components_module\";i:3;s:39:\"\\phpbb\\db\\migration\\data\\v310\\allow_cdn\";i:4;s:49:\"\\phpbb\\db\\migration\\data\\v310\\auth_provider_oauth\";i:5;s:37:\"\\phpbb\\db\\migration\\data\\v310\\avatars\";i:6;s:40:\"\\phpbb\\db\\migration\\data\\v310\\boardindex\";i:7;s:44:\"\\phpbb\\db\\migration\\data\\v310\\config_db_text\";i:8;s:45:\"\\phpbb\\db\\migration\\data\\v310\\forgot_password\";i:9;s:41:\"\\phpbb\\db\\migration\\data\\v310\\mod_rewrite\";i:10;s:49:\"\\phpbb\\db\\migration\\data\\v310\\mysql_fulltext_drop\";i:11;s:40:\"\\phpbb\\db\\migration\\data\\v310\\namespaces\";i:12;s:48:\"\\phpbb\\db\\migration\\data\\v310\\notifications_cron\";i:13;s:60:\"\\phpbb\\db\\migration\\data\\v310\\notification_options_reconvert\";i:14;s:38:\"\\phpbb\\db\\migration\\data\\v310\\plupload\";i:15;s:51:\"\\phpbb\\db\\migration\\data\\v310\\signature_module_auth\";i:16;s:52:\"\\phpbb\\db\\migration\\data\\v310\\softdelete_mcp_modules\";i:17;s:38:\"\\phpbb\\db\\migration\\data\\v310\\teampage\";}', 1, 1, '', 1580733505, 1580733505),('\\phpbb\\db\\migration\\data\\v310\\alpha2', 'a:2:{i:0;s:36:\"\\phpbb\\db\\migration\\data\\v310\\alpha1\";i:1;s:51:\"\\phpbb\\db\\migration\\data\\v310\\notifications_cron_p2\";}', 1, 1, '', 1580733505, 1580733505),('\\phpbb\\db\\migration\\data\\v310\\alpha3', 'a:4:{i:0;s:36:\"\\phpbb\\db\\migration\\data\\v310\\alpha2\";i:1;s:42:\"\\phpbb\\db\\migration\\data\\v310\\avatar_types\";i:2;s:39:\"\\phpbb\\db\\migration\\data\\v310\\passwords\";i:3;s:48:\"\\phpbb\\db\\migration\\data\\v310\\profilefield_types\";}', 1, 1, '', 1580733505, 1580733505),('\\phpbb\\db\\migration\\data\\v310\\auth_provider_oauth', 'a:1:{i:0;s:43:\"\\phpbb\\db\\migration\\data\\v30x\\release_3_0_0\";}', 1, 1, '', 1580733505, 1580733505),('\\phpbb\\db\\migration\\data\\v310\\auth_provider_oauth2', 'a:1:{i:0;s:49:\"\\phpbb\\db\\migration\\data\\v310\\auth_provider_oauth\";}', 1, 1, '', 1580733505, 1580733505),('\\phpbb\\db\\migration\\data\\v310\\avatar_types', 'a:2:{i:0;s:33:\"\\phpbb\\db\\migration\\data\\v310\\dev\";i:1;s:37:\"\\phpbb\\db\\migration\\data\\v310\\avatars\";}', 1, 1, '', 1580733505, 1580733505),('\\phpbb\\db\\migration\\data\\v310\\avatars', 'a:1:{i:0;s:44:\"\\phpbb\\db\\migration\\data\\v30x\\release_3_0_11\";}', 1, 1, '', 1580733505, 1580733505),('\\phpbb\\db\\migration\\data\\v310\\beta1', 'a:7:{i:0;s:36:\"\\phpbb\\db\\migration\\data\\v310\\alpha3\";i:1;s:42:\"\\phpbb\\db\\migration\\data\\v310\\passwords_p2\";i:2;s:52:\"\\phpbb\\db\\migration\\data\\v310\\postgres_fulltext_drop\";i:3;s:63:\"\\phpbb\\db\\migration\\data\\v310\\profilefield_change_load_settings\";i:4;s:51:\"\\phpbb\\db\\migration\\data\\v310\\profilefield_location\";i:5;s:54:\"\\phpbb\\db\\migration\\data\\v310\\soft_delete_mod_convert2\";i:6;s:48:\"\\phpbb\\db\\migration\\data\\v310\\ucp_popuppm_module\";}', 1, 1, '', 1580733505, 1580733505),('\\phpbb\\db\\migration\\data\\v310\\beta2', 'a:3:{i:0;s:35:\"\\phpbb\\db\\migration\\data\\v310\\beta1\";i:1;s:52:\"\\phpbb\\db\\migration\\data\\v310\\acp_prune_users_module\";i:2;s:59:\"\\phpbb\\db\\migration\\data\\v310\\profilefield_location_cleanup\";}', 1, 1, '', 1580733505, 1580733505),('\\phpbb\\db\\migration\\data\\v310\\beta3', 'a:6:{i:0;s:35:\"\\phpbb\\db\\migration\\data\\v310\\beta2\";i:1;s:50:\"\\phpbb\\db\\migration\\data\\v310\\auth_provider_oauth2\";i:2;s:48:\"\\phpbb\\db\\migration\\data\\v310\\board_contact_name\";i:3;s:44:\"\\phpbb\\db\\migration\\data\\v310\\jquery_update2\";i:4;s:50:\"\\phpbb\\db\\migration\\data\\v310\\live_searches_config\";i:5;s:49:\"\\phpbb\\db\\migration\\data\\v310\\prune_shadow_topics\";}', 1, 1, '', 1580733505, 1580733505),('\\phpbb\\db\\migration\\data\\v310\\beta4', 'a:3:{i:0;s:35:\"\\phpbb\\db\\migration\\data\\v310\\beta3\";i:1;s:69:\"\\phpbb\\db\\migration\\data\\v310\\extensions_version_check_force_unstable\";i:2;s:58:\"\\phpbb\\db\\migration\\data\\v310\\reset_missing_captcha_plugin\";}', 1, 1, '', 1580733505, 1580733505),('\\phpbb\\db\\migration\\data\\v310\\board_contact_name', 'a:1:{i:0;s:35:\"\\phpbb\\db\\migration\\data\\v310\\beta2\";}', 1, 1, '', 1580733505, 1580733505),('\\phpbb\\db\\migration\\data\\v310\\boardindex', 'a:0:{}', 1, 1, '', 1580733505, 1580733505),('\\phpbb\\db\\migration\\data\\v310\\bot_update', 'a:1:{i:0;s:33:\"\\phpbb\\db\\migration\\data\\v310\\rc6\";}', 1, 1, '', 1580733505, 1580733505),('\\phpbb\\db\\migration\\data\\v310\\captcha_plugins', 'a:1:{i:0;s:33:\"\\phpbb\\db\\migration\\data\\v310\\rc2\";}', 1, 1, '', 1580733505, 1580733505),('\\phpbb\\db\\migration\\data\\v310\\config_db_text', 'a:1:{i:0;s:44:\"\\phpbb\\db\\migration\\data\\v30x\\release_3_0_11\";}', 1, 1, '', 1580733505, 1580733505),('\\phpbb\\db\\migration\\data\\v310\\contact_admin_acp_module', 'a:0:{}', 1, 1, '', 1580733505, 1580733505),('\\phpbb\\db\\migration\\data\\v310\\contact_admin_form', 'a:1:{i:0;s:44:\"\\phpbb\\db\\migration\\data\\v310\\config_db_text\";}', 1, 1, '', 1580733505, 1580733505),('\\phpbb\\db\\migration\\data\\v310\\dev', 'a:5:{i:0;s:40:\"\\phpbb\\db\\migration\\data\\v310\\extensions\";i:1;s:45:\"\\phpbb\\db\\migration\\data\\v310\\style_update_p2\";i:2;s:41:\"\\phpbb\\db\\migration\\data\\v310\\timezone_p2\";i:3;s:52:\"\\phpbb\\db\\migration\\data\\v310\\reported_posts_display\";i:4;s:46:\"\\phpbb\\db\\migration\\data\\v310\\migrations_table\";}', 1, 1, '', 1580733505, 1580733505),('\\phpbb\\db\\migration\\data\\v310\\extensions', 'a:1:{i:0;s:44:\"\\phpbb\\db\\migration\\data\\v30x\\release_3_0_11\";}', 1, 1, '', 1580733505, 1580733505),('\\phpbb\\db\\migration\\data\\v310\\extensions_version_check_force_unstable', 'a:1:{i:0;s:33:\"\\phpbb\\db\\migration\\data\\v310\\dev\";}', 1, 1, '', 1580733505, 1580733505),('\\phpbb\\db\\migration\\data\\v310\\forgot_password', 'a:1:{i:0;s:44:\"\\phpbb\\db\\migration\\data\\v30x\\release_3_0_11\";}', 1, 1, '', 1580733505, 1580733505),('\\phpbb\\db\\migration\\data\\v310\\gold', 'a:2:{i:0;s:33:\"\\phpbb\\db\\migration\\data\\v310\\rc6\";i:1;s:40:\"\\phpbb\\db\\migration\\data\\v310\\bot_update\";}', 1, 1, '', 1580733505, 1580733505),('\\phpbb\\db\\migration\\data\\v310\\jquery_update', 'a:1:{i:0;s:33:\"\\phpbb\\db\\migration\\data\\v310\\dev\";}', 1, 1, '', 1580733505, 1580733505),('\\phpbb\\db\\migration\\data\\v310\\jquery_update2', 'a:1:{i:0;s:43:\"\\phpbb\\db\\migration\\data\\v310\\jquery_update\";}', 1, 1, '', 1580733505, 1580733505),('\\phpbb\\db\\migration\\data\\v310\\live_searches_config', 'a:0:{}', 1, 1, '', 1580733505, 1580733505),('\\phpbb\\db\\migration\\data\\v310\\migrations_table', 'a:0:{}', 1, 1, '', 1580733505, 1580733505),('\\phpbb\\db\\migration\\data\\v310\\mod_rewrite', 'a:1:{i:0;s:33:\"\\phpbb\\db\\migration\\data\\v310\\dev\";}', 1, 1, '', 1580733505, 1580733505),('\\phpbb\\db\\migration\\data\\v310\\mysql_fulltext_drop', 'a:1:{i:0;s:33:\"\\phpbb\\db\\migration\\data\\v310\\dev\";}', 1, 1, '', 1580733505, 1580733505),('\\phpbb\\db\\migration\\data\\v310\\namespaces', 'a:1:{i:0;s:33:\"\\phpbb\\db\\migration\\data\\v310\\dev\";}', 1, 1, '', 1580733505, 1580733505),('\\phpbb\\db\\migration\\data\\v310\\notification_options_reconvert', 'a:1:{i:0;s:54:\"\\phpbb\\db\\migration\\data\\v310\\notifications_schema_fix\";}', 1, 1, '', 1580733505, 1580733505),('\\phpbb\\db\\migration\\data\\v310\\notifications', 'a:1:{i:0;s:33:\"\\phpbb\\db\\migration\\data\\v310\\dev\";}', 1, 1, '', 1580733505, 1580733505),('\\phpbb\\db\\migration\\data\\v310\\notifications_cron', 'a:1:{i:0;s:43:\"\\phpbb\\db\\migration\\data\\v310\\notifications\";}', 1, 1, '', 1580733505, 1580733505),('\\phpbb\\db\\migration\\data\\v310\\notifications_cron_p2', 'a:1:{i:0;s:48:\"\\phpbb\\db\\migration\\data\\v310\\notifications_cron\";}', 1, 1, '', 1580733505, 1580733505),('\\phpbb\\db\\migration\\data\\v310\\notifications_schema_fix', 'a:1:{i:0;s:43:\"\\phpbb\\db\\migration\\data\\v310\\notifications\";}', 1, 1, '', 1580733505, 1580733505),('\\phpbb\\db\\migration\\data\\v310\\notifications_use_full_name', 'a:1:{i:0;s:33:\"\\phpbb\\db\\migration\\data\\v310\\rc3\";}', 1, 1, '', 1580733505, 1580733505),('\\phpbb\\db\\migration\\data\\v310\\passwords', 'a:1:{i:0;s:44:\"\\phpbb\\db\\migration\\data\\v30x\\release_3_0_11\";}', 1, 1, '', 1580733505, 1580733505),('\\phpbb\\db\\migration\\data\\v310\\passwords_convert_p1', 'a:1:{i:0;s:42:\"\\phpbb\\db\\migration\\data\\v310\\passwords_p2\";}', 1, 1, '', 1580733505, 1580733505),('\\phpbb\\db\\migration\\data\\v310\\passwords_convert_p2', 'a:1:{i:0;s:50:\"\\phpbb\\db\\migration\\data\\v310\\passwords_convert_p1\";}', 1, 1, '', 1580733505, 1580733505),('\\phpbb\\db\\migration\\data\\v310\\passwords_p2', 'a:1:{i:0;s:39:\"\\phpbb\\db\\migration\\data\\v310\\passwords\";}', 1, 1, '', 1580733505, 1580733505),('\\phpbb\\db\\migration\\data\\v310\\plupload', 'a:1:{i:0;s:33:\"\\phpbb\\db\\migration\\data\\v310\\dev\";}', 1, 1, '', 1580733505, 1580733505),('\\phpbb\\db\\migration\\data\\v310\\postgres_fulltext_drop', 'a:1:{i:0;s:33:\"\\phpbb\\db\\migration\\data\\v310\\dev\";}', 1, 1, '', 1580733505, 1580733505),('\\phpbb\\db\\migration\\data\\v310\\profilefield_aol', 'a:1:{i:0;s:56:\"\\phpbb\\db\\migration\\data\\v310\\profilefield_yahoo_cleanup\";}', 1, 1, '', 1580733505, 1580733505),('\\phpbb\\db\\migration\\data\\v310\\profilefield_aol_cleanup', 'a:1:{i:0;s:46:\"\\phpbb\\db\\migration\\data\\v310\\profilefield_aol\";}', 1, 1, '', 1580733505, 1580733505),('\\phpbb\\db\\migration\\data\\v310\\profilefield_change_load_settings', 'a:1:{i:0;s:54:\"\\phpbb\\db\\migration\\data\\v310\\profilefield_aol_cleanup\";}', 1, 1, '', 1580733505, 1580733505),('\\phpbb\\db\\migration\\data\\v310\\profilefield_cleanup', 'a:2:{i:0;s:52:\"\\phpbb\\db\\migration\\data\\v310\\profilefield_interests\";i:1;s:53:\"\\phpbb\\db\\migration\\data\\v310\\profilefield_occupation\";}', 1, 1, '', 1580733505, 1580733505),('\\phpbb\\db\\migration\\data\\v310\\profilefield_contact_field', 'a:1:{i:0;s:56:\"\\phpbb\\db\\migration\\data\\v310\\profilefield_on_memberlist\";}', 1, 1, '', 1580733505, 1580733505),('\\phpbb\\db\\migration\\data\\v310\\profilefield_facebook', 'a:3:{i:0;s:56:\"\\phpbb\\db\\migration\\data\\v310\\profilefield_contact_field\";i:1;s:55:\"\\phpbb\\db\\migration\\data\\v310\\profilefield_show_novalue\";i:2;s:48:\"\\phpbb\\db\\migration\\data\\v310\\profilefield_types\";}', 1, 1, '', 1580733505, 1580733505),('\\phpbb\\db\\migration\\data\\v310\\profilefield_field_validation_length', 'a:1:{i:0;s:33:\"\\phpbb\\db\\migration\\data\\v310\\rc3\";}', 1, 1, '', 1580733505, 1580733505),('\\phpbb\\db\\migration\\data\\v310\\profilefield_googleplus', 'a:3:{i:0;s:56:\"\\phpbb\\db\\migration\\data\\v310\\profilefield_contact_field\";i:1;s:55:\"\\phpbb\\db\\migration\\data\\v310\\profilefield_show_novalue\";i:2;s:48:\"\\phpbb\\db\\migration\\data\\v310\\profilefield_types\";}', 1, 1, '', 1580733505, 1580733505),('\\phpbb\\db\\migration\\data\\v310\\profilefield_icq', 'a:1:{i:0;s:56:\"\\phpbb\\db\\migration\\data\\v310\\profilefield_contact_field\";}', 1, 1, '', 1580733505, 1580733505),('\\phpbb\\db\\migration\\data\\v310\\profilefield_icq_cleanup', 'a:1:{i:0;s:46:\"\\phpbb\\db\\migration\\data\\v310\\profilefield_icq\";}', 1, 1, '', 1580733505, 1580733505),('\\phpbb\\db\\migration\\data\\v310\\profilefield_interests', 'a:2:{i:0;s:48:\"\\phpbb\\db\\migration\\data\\v310\\profilefield_types\";i:1;s:55:\"\\phpbb\\db\\migration\\data\\v310\\profilefield_show_novalue\";}', 1, 1, '', 1580733505, 1580733505),('\\phpbb\\db\\migration\\data\\v310\\profilefield_location', 'a:2:{i:0;s:48:\"\\phpbb\\db\\migration\\data\\v310\\profilefield_types\";i:1;s:56:\"\\phpbb\\db\\migration\\data\\v310\\profilefield_on_memberlist\";}', 1, 1, '', 1580733505, 1580733505),('\\phpbb\\db\\migration\\data\\v310\\profilefield_location_cleanup', 'a:1:{i:0;s:51:\"\\phpbb\\db\\migration\\data\\v310\\profilefield_location\";}', 1, 1, '', 1580733505, 1580733505),('\\phpbb\\db\\migration\\data\\v310\\profilefield_occupation', 'a:1:{i:0;s:52:\"\\phpbb\\db\\migration\\data\\v310\\profilefield_interests\";}', 1, 1, '', 1580733505, 1580733505),('\\phpbb\\db\\migration\\data\\v310\\profilefield_on_memberlist', 'a:1:{i:0;s:50:\"\\phpbb\\db\\migration\\data\\v310\\profilefield_cleanup\";}', 1, 1, '', 1580733505, 1580733505),('\\phpbb\\db\\migration\\data\\v310\\profilefield_show_novalue', 'a:1:{i:0;s:48:\"\\phpbb\\db\\migration\\data\\v310\\profilefield_types\";}', 1, 1, '', 1580733505, 1580733505),('\\phpbb\\db\\migration\\data\\v310\\profilefield_skype', 'a:3:{i:0;s:56:\"\\phpbb\\db\\migration\\data\\v310\\profilefield_contact_field\";i:1;s:55:\"\\phpbb\\db\\migration\\data\\v310\\profilefield_show_novalue\";i:2;s:48:\"\\phpbb\\db\\migration\\data\\v310\\profilefield_types\";}', 1, 1, '', 1580733505, 1580733505),('\\phpbb\\db\\migration\\data\\v310\\profilefield_twitter', 'a:3:{i:0;s:56:\"\\phpbb\\db\\migration\\data\\v310\\profilefield_contact_field\";i:1;s:55:\"\\phpbb\\db\\migration\\data\\v310\\profilefield_show_novalue\";i:2;s:48:\"\\phpbb\\db\\migration\\data\\v310\\profilefield_types\";}', 1, 1, '', 1580733505, 1580733505),('\\phpbb\\db\\migration\\data\\v310\\profilefield_types', 'a:1:{i:0;s:36:\"\\phpbb\\db\\migration\\data\\v310\\alpha2\";}', 1, 1, '', 1580733505, 1580733505),('\\phpbb\\db\\migration\\data\\v310\\profilefield_website', 'a:2:{i:0;s:56:\"\\phpbb\\db\\migration\\data\\v310\\profilefield_on_memberlist\";i:1;s:54:\"\\phpbb\\db\\migration\\data\\v310\\profilefield_icq_cleanup\";}', 1, 1, '', 1580733505, 1580733505),('\\phpbb\\db\\migration\\data\\v310\\profilefield_website_cleanup', 'a:1:{i:0;s:50:\"\\phpbb\\db\\migration\\data\\v310\\profilefield_website\";}', 1, 1, '', 1580733505, 1580733505),('\\phpbb\\db\\migration\\data\\v310\\profilefield_wlm', 'a:1:{i:0;s:58:\"\\phpbb\\db\\migration\\data\\v310\\profilefield_website_cleanup\";}', 1, 1, '', 1580733505, 1580733505),('\\phpbb\\db\\migration\\data\\v310\\profilefield_wlm_cleanup', 'a:1:{i:0;s:46:\"\\phpbb\\db\\migration\\data\\v310\\profilefield_wlm\";}', 1, 1, '', 1580733505, 1580733505),('\\phpbb\\db\\migration\\data\\v310\\profilefield_yahoo', 'a:1:{i:0;s:54:\"\\phpbb\\db\\migration\\data\\v310\\profilefield_wlm_cleanup\";}', 1, 1, '', 1580733505, 1580733505),('\\phpbb\\db\\migration\\data\\v310\\profilefield_yahoo_cleanup', 'a:1:{i:0;s:48:\"\\phpbb\\db\\migration\\data\\v310\\profilefield_yahoo\";}', 1, 1, '', 1580733505, 1580733505),('\\phpbb\\db\\migration\\data\\v310\\profilefield_youtube', 'a:3:{i:0;s:56:\"\\phpbb\\db\\migration\\data\\v310\\profilefield_contact_field\";i:1;s:55:\"\\phpbb\\db\\migration\\data\\v310\\profilefield_show_novalue\";i:2;s:48:\"\\phpbb\\db\\migration\\data\\v310\\profilefield_types\";}', 1, 1, '', 1580733505, 1580733505),('\\phpbb\\db\\migration\\data\\v310\\prune_shadow_topics', 'a:1:{i:0;s:33:\"\\phpbb\\db\\migration\\data\\v310\\dev\";}', 1, 1, '', 1580733505, 1580733505),('\\phpbb\\db\\migration\\data\\v310\\rc1', 'a:9:{i:0;s:35:\"\\phpbb\\db\\migration\\data\\v310\\beta4\";i:1;s:54:\"\\phpbb\\db\\migration\\data\\v310\\contact_admin_acp_module\";i:2;s:48:\"\\phpbb\\db\\migration\\data\\v310\\contact_admin_form\";i:3;s:50:\"\\phpbb\\db\\migration\\data\\v310\\passwords_convert_p2\";i:4;s:51:\"\\phpbb\\db\\migration\\data\\v310\\profilefield_facebook\";i:5;s:53:\"\\phpbb\\db\\migration\\data\\v310\\profilefield_googleplus\";i:6;s:48:\"\\phpbb\\db\\migration\\data\\v310\\profilefield_skype\";i:7;s:50:\"\\phpbb\\db\\migration\\data\\v310\\profilefield_twitter\";i:8;s:50:\"\\phpbb\\db\\migration\\data\\v310\\profilefield_youtube\";}', 1, 1, '', 1580733505, 1580733505),('\\phpbb\\db\\migration\\data\\v310\\rc2', 'a:1:{i:0;s:33:\"\\phpbb\\db\\migration\\data\\v310\\rc1\";}', 1, 1, '', 1580733505, 1580733505),('\\phpbb\\db\\migration\\data\\v310\\rc3', 'a:5:{i:0;s:33:\"\\phpbb\\db\\migration\\data\\v310\\rc2\";i:1;s:45:\"\\phpbb\\db\\migration\\data\\v310\\captcha_plugins\";i:2;s:53:\"\\phpbb\\db\\migration\\data\\v310\\rename_too_long_indexes\";i:3;s:41:\"\\phpbb\\db\\migration\\data\\v310\\search_type\";i:4;s:49:\"\\phpbb\\db\\migration\\data\\v310\\topic_sort_username\";}', 1, 1, '', 1580733505, 1580733505),('\\phpbb\\db\\migration\\data\\v310\\rc4', 'a:2:{i:0;s:33:\"\\phpbb\\db\\migration\\data\\v310\\rc3\";i:1;s:57:\"\\phpbb\\db\\migration\\data\\v310\\notifications_use_full_name\";}', 1, 1, '', 1580733505, 1580733505),('\\phpbb\\db\\migration\\data\\v310\\rc5', 'a:3:{i:0;s:33:\"\\phpbb\\db\\migration\\data\\v310\\rc4\";i:1;s:66:\"\\phpbb\\db\\migration\\data\\v310\\profilefield_field_validation_length\";i:2;s:53:\"\\phpbb\\db\\migration\\data\\v310\\remove_acp_styles_cache\";}', 1, 1, '', 1580733505, 1580733505),('\\phpbb\\db\\migration\\data\\v310\\rc6', 'a:1:{i:0;s:33:\"\\phpbb\\db\\migration\\data\\v310\\rc5\";}', 1, 1, '', 1580733505, 1580733505),('\\phpbb\\db\\migration\\data\\v310\\remove_acp_styles_cache', 'a:1:{i:0;s:33:\"\\phpbb\\db\\migration\\data\\v310\\rc4\";}', 1, 1, '', 1580733505, 1580733505),('\\phpbb\\db\\migration\\data\\v310\\rename_too_long_indexes', 'a:1:{i:0;s:43:\"\\phpbb\\db\\migration\\data\\v30x\\release_3_0_0\";}', 1, 1, '', 1580733505, 1580733505),('\\phpbb\\db\\migration\\data\\v310\\reported_posts_display', 'a:1:{i:0;s:44:\"\\phpbb\\db\\migration\\data\\v30x\\release_3_0_11\";}', 1, 1, '', 1580733505, 1580733505),('\\phpbb\\db\\migration\\data\\v310\\reset_missing_captcha_plugin', 'a:1:{i:0;s:33:\"\\phpbb\\db\\migration\\data\\v310\\dev\";}', 1, 1, '', 1580733505, 1580733505),('\\phpbb\\db\\migration\\data\\v310\\search_type', 'a:1:{i:0;s:33:\"\\phpbb\\db\\migration\\data\\v310\\dev\";}', 1, 1, '', 1580733505, 1580733505),('\\phpbb\\db\\migration\\data\\v310\\signature_module_auth', 'a:1:{i:0;s:33:\"\\phpbb\\db\\migration\\data\\v310\\dev\";}', 1, 1, '', 1580733505, 1580733505),('\\phpbb\\db\\migration\\data\\v310\\soft_delete_mod_convert', 'a:1:{i:0;s:36:\"\\phpbb\\db\\migration\\data\\v310\\alpha3\";}', 1, 1, '', 1580733505, 1580733505),('\\phpbb\\db\\migration\\data\\v310\\soft_delete_mod_convert2', 'a:1:{i:0;s:53:\"\\phpbb\\db\\migration\\data\\v310\\soft_delete_mod_convert\";}', 1, 1, '', 1580733505, 1580733505),('\\phpbb\\db\\migration\\data\\v310\\softdelete_mcp_modules', 'a:2:{i:0;s:33:\"\\phpbb\\db\\migration\\data\\v310\\dev\";i:1;s:43:\"\\phpbb\\db\\migration\\data\\v310\\softdelete_p2\";}', 1, 1, '', 1580733505, 1580733505),('\\phpbb\\db\\migration\\data\\v310\\softdelete_p1', 'a:1:{i:0;s:33:\"\\phpbb\\db\\migration\\data\\v310\\dev\";}', 1, 1, '', 1580733505, 1580733505),('\\phpbb\\db\\migration\\data\\v310\\softdelete_p2', 'a:2:{i:0;s:33:\"\\phpbb\\db\\migration\\data\\v310\\dev\";i:1;s:43:\"\\phpbb\\db\\migration\\data\\v310\\softdelete_p1\";}', 1, 1, '', 1580733505, 1580733505),('\\phpbb\\db\\migration\\data\\v310\\style_update_p1', 'a:1:{i:0;s:44:\"\\phpbb\\db\\migration\\data\\v30x\\release_3_0_11\";}', 1, 1, '', 1580733505, 1580733505),('\\phpbb\\db\\migration\\data\\v310\\style_update_p2', 'a:1:{i:0;s:45:\"\\phpbb\\db\\migration\\data\\v310\\style_update_p1\";}', 1, 1, '', 1580733505, 1580733505),('\\phpbb\\db\\migration\\data\\v310\\teampage', 'a:1:{i:0;s:33:\"\\phpbb\\db\\migration\\data\\v310\\dev\";}', 1, 1, '', 1580733505, 1580733505),('\\phpbb\\db\\migration\\data\\v310\\timezone', 'a:1:{i:0;s:44:\"\\phpbb\\db\\migration\\data\\v30x\\release_3_0_11\";}', 1, 1, '', 1580733505, 1580733505),('\\phpbb\\db\\migration\\data\\v310\\timezone_p2', 'a:1:{i:0;s:38:\"\\phpbb\\db\\migration\\data\\v310\\timezone\";}', 1, 1, '', 1580733505, 1580733505),('\\phpbb\\db\\migration\\data\\v310\\topic_sort_username', 'a:1:{i:0;s:33:\"\\phpbb\\db\\migration\\data\\v310\\dev\";}', 1, 1, '', 1580733505, 1580733505),('\\phpbb\\db\\migration\\data\\v310\\ucp_popuppm_module', 'a:1:{i:0;s:33:\"\\phpbb\\db\\migration\\data\\v310\\dev\";}', 1, 1, '', 1580733505, 1580733505),('\\phpbb\\db\\migration\\data\\v31x\\add_jabber_ssl_context_config_options', 'a:1:{i:0;s:35:\"\\phpbb\\db\\migration\\data\\v31x\\v3110\";}', 1, 1, '', 1580733505, 1580733505),('\\phpbb\\db\\migration\\data\\v31x\\add_latest_topics_index', 'a:1:{i:0;s:35:\"\\phpbb\\db\\migration\\data\\v31x\\v3110\";}', 1, 1, '', 1580733505, 1580733505),('\\phpbb\\db\\migration\\data\\v31x\\add_log_time_index', 'a:1:{i:0;s:34:\"\\phpbb\\db\\migration\\data\\v31x\\v319\";}', 1, 1, '', 1580733505, 1580733505),('\\phpbb\\db\\migration\\data\\v31x\\add_smtp_ssl_context_config_options', 'a:1:{i:0;s:35:\"\\phpbb\\db\\migration\\data\\v31x\\v3110\";}', 1, 1, '', 1580733505, 1580733505),('\\phpbb\\db\\migration\\data\\v31x\\increase_size_of_dateformat', 'a:1:{i:0;s:34:\"\\phpbb\\db\\migration\\data\\v31x\\v317\";}', 1, 1, '', 1580733505, 1580733505),('\\phpbb\\db\\migration\\data\\v31x\\increase_size_of_emotion', 'a:1:{i:0;s:35:\"\\phpbb\\db\\migration\\data\\v31x\\v3110\";}', 1, 1, '', 1580733505, 1580733505),('\\phpbb\\db\\migration\\data\\v31x\\m_pm_report', 'a:1:{i:0;s:37:\"\\phpbb\\db\\migration\\data\\v31x\\v316rc1\";}', 1, 1, '', 1580733505, 1580733505),('\\phpbb\\db\\migration\\data\\v31x\\m_softdelete_global', 'a:1:{i:0;s:34:\"\\phpbb\\db\\migration\\data\\v31x\\v311\";}', 1, 1, '', 1580733505, 1580733505),('\\phpbb\\db\\migration\\data\\v31x\\plupload_last_gc_dynamic', 'a:1:{i:0;s:34:\"\\phpbb\\db\\migration\\data\\v31x\\v312\";}', 1, 1, '', 1580733505, 1580733505),('\\phpbb\\db\\migration\\data\\v31x\\profilefield_remove_underscore_from_alpha', 'a:1:{i:0;s:34:\"\\phpbb\\db\\migration\\data\\v31x\\v311\";}', 1, 1, '', 1580733505, 1580733505),('\\phpbb\\db\\migration\\data\\v31x\\profilefield_yahoo_update_url', 'a:1:{i:0;s:34:\"\\phpbb\\db\\migration\\data\\v31x\\v312\";}', 1, 1, '', 1580733505, 1580733505),('\\phpbb\\db\\migration\\data\\v31x\\remove_duplicate_migrations', 'a:1:{i:0;s:35:\"\\phpbb\\db\\migration\\data\\v31x\\v3110\";}', 1, 1, '', 1580733505, 1580733505),('\\phpbb\\db\\migration\\data\\v31x\\style_update', 'a:1:{i:0;s:34:\"\\phpbb\\db\\migration\\data\\v310\\gold\";}', 1, 1, '', 1580733505, 1580733505),('\\phpbb\\db\\migration\\data\\v31x\\update_custom_bbcodes_with_idn', 'a:1:{i:0;s:34:\"\\phpbb\\db\\migration\\data\\v31x\\v312\";}', 1, 1, '', 1580733505, 1580733505),('\\phpbb\\db\\migration\\data\\v31x\\update_hashes', 'a:1:{i:0;s:35:\"\\phpbb\\db\\migration\\data\\v31x\\v3110\";}', 1, 1, '', 1580733505, 1580733505),('\\phpbb\\db\\migration\\data\\v31x\\v311', 'a:2:{i:0;s:34:\"\\phpbb\\db\\migration\\data\\v310\\gold\";i:1;s:42:\"\\phpbb\\db\\migration\\data\\v31x\\style_update\";}', 1, 1, '', 1580733505, 1580733505),('\\phpbb\\db\\migration\\data\\v31x\\v3110', 'a:1:{i:0;s:38:\"\\phpbb\\db\\migration\\data\\v31x\\v3110rc1\";}', 1, 1, '', 1580733505, 1580733505),('\\phpbb\\db\\migration\\data\\v31x\\v3110rc1', 'a:1:{i:0;s:34:\"\\phpbb\\db\\migration\\data\\v31x\\v319\";}', 1, 1, '', 1580733505, 1580733505),('\\phpbb\\db\\migration\\data\\v31x\\v3111', 'a:1:{i:0;s:38:\"\\phpbb\\db\\migration\\data\\v31x\\v3111rc1\";}', 1, 1, '', 1580733505, 1580733505),('\\phpbb\\db\\migration\\data\\v31x\\v3111rc1', 'a:8:{i:0;s:35:\"\\phpbb\\db\\migration\\data\\v31x\\v3110\";i:1;s:48:\"\\phpbb\\db\\migration\\data\\v31x\\add_log_time_index\";i:2;s:54:\"\\phpbb\\db\\migration\\data\\v31x\\increase_size_of_emotion\";i:3;s:67:\"\\phpbb\\db\\migration\\data\\v31x\\add_jabber_ssl_context_config_options\";i:4;s:65:\"\\phpbb\\db\\migration\\data\\v31x\\add_smtp_ssl_context_config_options\";i:5;s:43:\"\\phpbb\\db\\migration\\data\\v31x\\update_hashes\";i:6;s:57:\"\\phpbb\\db\\migration\\data\\v31x\\remove_duplicate_migrations\";i:7;s:53:\"\\phpbb\\db\\migration\\data\\v31x\\add_latest_topics_index\";}', 1, 1, '', 1580733505, 1580733505),('\\phpbb\\db\\migration\\data\\v31x\\v3112', 'a:1:{i:0;s:35:\"\\phpbb\\db\\migration\\data\\v31x\\v3111\";}', 1, 1, '', 1580733505, 1580733505),('\\phpbb\\db\\migration\\data\\v31x\\v312', 'a:1:{i:0;s:37:\"\\phpbb\\db\\migration\\data\\v31x\\v312rc1\";}', 1, 1, '', 1580733505, 1580733505),('\\phpbb\\db\\migration\\data\\v31x\\v312rc1', 'a:2:{i:0;s:34:\"\\phpbb\\db\\migration\\data\\v31x\\v311\";i:1;s:49:\"\\phpbb\\db\\migration\\data\\v31x\\m_softdelete_global\";}', 1, 1, '', 1580733505, 1580733505),('\\phpbb\\db\\migration\\data\\v31x\\v313', 'a:1:{i:0;s:37:\"\\phpbb\\db\\migration\\data\\v31x\\v313rc2\";}', 1, 1, '', 1580733505, 1580733505),('\\phpbb\\db\\migration\\data\\v31x\\v313rc1', 'a:5:{i:0;s:48:\"\\phpbb\\db\\migration\\data\\v30x\\release_3_0_13_rc1\";i:1;s:54:\"\\phpbb\\db\\migration\\data\\v31x\\plupload_last_gc_dynamic\";i:2;s:71:\"\\phpbb\\db\\migration\\data\\v31x\\profilefield_remove_underscore_from_alpha\";i:3;s:59:\"\\phpbb\\db\\migration\\data\\v31x\\profilefield_yahoo_update_url\";i:4;s:60:\"\\phpbb\\db\\migration\\data\\v31x\\update_custom_bbcodes_with_idn\";}', 1, 1, '', 1580733505, 1580733505),('\\phpbb\\db\\migration\\data\\v31x\\v313rc2', 'a:2:{i:0;s:48:\"\\phpbb\\db\\migration\\data\\v30x\\release_3_0_13_pl1\";i:1;s:37:\"\\phpbb\\db\\migration\\data\\v31x\\v313rc1\";}', 1, 1, '', 1580733505, 1580733505),('\\phpbb\\db\\migration\\data\\v31x\\v314', 'a:2:{i:0;s:44:\"\\phpbb\\db\\migration\\data\\v30x\\release_3_0_14\";i:1;s:37:\"\\phpbb\\db\\migration\\data\\v31x\\v314rc2\";}', 1, 1, '', 1580733505, 1580733505),('\\phpbb\\db\\migration\\data\\v31x\\v314rc1', 'a:1:{i:0;s:34:\"\\phpbb\\db\\migration\\data\\v31x\\v313\";}', 1, 1, '', 1580733505, 1580733505),('\\phpbb\\db\\migration\\data\\v31x\\v314rc2', 'a:2:{i:0;s:48:\"\\phpbb\\db\\migration\\data\\v30x\\release_3_0_14_rc1\";i:1;s:37:\"\\phpbb\\db\\migration\\data\\v31x\\v314rc1\";}', 1, 1, '', 1580733505, 1580733505),('\\phpbb\\db\\migration\\data\\v31x\\v315', 'a:1:{i:0;s:37:\"\\phpbb\\db\\migration\\data\\v31x\\v315rc1\";}', 1, 1, '', 1580733505, 1580733505),('\\phpbb\\db\\migration\\data\\v31x\\v315rc1', 'a:1:{i:0;s:34:\"\\phpbb\\db\\migration\\data\\v31x\\v314\";}', 1, 1, '', 1580733505, 1580733505),('\\phpbb\\db\\migration\\data\\v31x\\v316', 'a:1:{i:0;s:37:\"\\phpbb\\db\\migration\\data\\v31x\\v316rc1\";}', 1, 1, '', 1580733505, 1580733505),('\\phpbb\\db\\migration\\data\\v31x\\v316rc1', 'a:1:{i:0;s:34:\"\\phpbb\\db\\migration\\data\\v31x\\v315\";}', 1, 1, '', 1580733505, 1580733505),('\\phpbb\\db\\migration\\data\\v31x\\v317', 'a:1:{i:0;s:37:\"\\phpbb\\db\\migration\\data\\v31x\\v317rc1\";}', 1, 1, '', 1580733505, 1580733505),('\\phpbb\\db\\migration\\data\\v31x\\v317pl1', 'a:1:{i:0;s:34:\"\\phpbb\\db\\migration\\data\\v31x\\v317\";}', 1, 1, '', 1580733505, 1580733505),('\\phpbb\\db\\migration\\data\\v31x\\v317rc1', 'a:2:{i:0;s:41:\"\\phpbb\\db\\migration\\data\\v31x\\m_pm_report\";i:1;s:34:\"\\phpbb\\db\\migration\\data\\v31x\\v316\";}', 1, 1, '', 1580733505, 1580733505),('\\phpbb\\db\\migration\\data\\v31x\\v318', 'a:1:{i:0;s:37:\"\\phpbb\\db\\migration\\data\\v31x\\v318rc1\";}', 1, 1, '', 1580733505, 1580733505),('\\phpbb\\db\\migration\\data\\v31x\\v318rc1', 'a:2:{i:0;s:57:\"\\phpbb\\db\\migration\\data\\v31x\\increase_size_of_dateformat\";i:1;s:37:\"\\phpbb\\db\\migration\\data\\v31x\\v317pl1\";}', 1, 1, '', 1580733505, 1580733505),('\\phpbb\\db\\migration\\data\\v31x\\v319', 'a:1:{i:0;s:37:\"\\phpbb\\db\\migration\\data\\v31x\\v319rc1\";}', 1, 1, '', 1580733505, 1580733505),('\\phpbb\\db\\migration\\data\\v31x\\v319rc1', 'a:1:{i:0;s:34:\"\\phpbb\\db\\migration\\data\\v31x\\v318\";}', 1, 1, '', 1580733505, 1580733505),('\\phpbb\\db\\migration\\data\\v320\\add_help_phpbb', 'a:1:{i:0;s:37:\"\\phpbb\\db\\migration\\data\\v320\\v320rc1\";}', 1, 1, '', 1580733505, 1580733505),('\\phpbb\\db\\migration\\data\\v320\\allowed_schemes_links', 'a:1:{i:0;s:33:\"\\phpbb\\db\\migration\\data\\v320\\dev\";}', 1, 1, '', 1580733505, 1580733505),('\\phpbb\\db\\migration\\data\\v320\\announce_global_permission', 'a:1:{i:0;s:33:\"\\phpbb\\db\\migration\\data\\v320\\dev\";}', 1, 1, '', 1580733505, 1580733505),('\\phpbb\\db\\migration\\data\\v320\\cookie_notice', 'a:1:{i:0;s:37:\"\\phpbb\\db\\migration\\data\\v320\\v320rc2\";}', 1, 1, '', 1580733505, 1580733505),('\\phpbb\\db\\migration\\data\\v320\\default_data_type_ids', 'a:2:{i:0;s:36:\"\\phpbb\\db\\migration\\data\\v320\\v320a2\";i:1;s:42:\"\\phpbb\\db\\migration\\data\\v320\\oauth_states\";}', 1, 1, '', 1580733505, 1580733505),('\\phpbb\\db\\migration\\data\\v320\\dev', 'a:1:{i:0;s:34:\"\\phpbb\\db\\migration\\data\\v31x\\v316\";}', 1, 1, '', 1580733505, 1580733505),('\\phpbb\\db\\migration\\data\\v320\\font_awesome_update', 'a:1:{i:0;s:33:\"\\phpbb\\db\\migration\\data\\v320\\dev\";}', 1, 1, '', 1580733505, 1580733505),('\\phpbb\\db\\migration\\data\\v320\\icons_alt', 'a:1:{i:0;s:33:\"\\phpbb\\db\\migration\\data\\v320\\dev\";}', 1, 1, '', 1580733505, 1580733505),('\\phpbb\\db\\migration\\data\\v320\\log_post_id', 'a:1:{i:0;s:33:\"\\phpbb\\db\\migration\\data\\v320\\dev\";}', 1, 1, '', 1580733505, 1580733505),('\\phpbb\\db\\migration\\data\\v320\\notifications_board', 'a:1:{i:0;s:33:\"\\phpbb\\db\\migration\\data\\v320\\dev\";}', 1, 1, '', 1580733505, 1580733505),('\\phpbb\\db\\migration\\data\\v320\\oauth_states', 'a:1:{i:0;s:49:\"\\phpbb\\db\\migration\\data\\v310\\auth_provider_oauth\";}', 1, 1, '', 1580733505, 1580733505),('\\phpbb\\db\\migration\\data\\v320\\remote_upload_validation', 'a:1:{i:0;s:36:\"\\phpbb\\db\\migration\\data\\v320\\v320a2\";}', 1, 1, '', 1580733505, 1580733505),('\\phpbb\\db\\migration\\data\\v320\\remove_outdated_media', 'a:1:{i:0;s:33:\"\\phpbb\\db\\migration\\data\\v320\\dev\";}', 1, 1, '', 1580733505, 1580733505),('\\phpbb\\db\\migration\\data\\v320\\remove_profilefield_wlm', 'a:1:{i:0;s:33:\"\\phpbb\\db\\migration\\data\\v320\\dev\";}', 1, 1, '', 1580733505, 1580733505),('\\phpbb\\db\\migration\\data\\v320\\report_id_auto_increment', 'a:1:{i:0;s:51:\"\\phpbb\\db\\migration\\data\\v320\\default_data_type_ids\";}', 1, 1, '', 1580733505, 1580733505),('\\phpbb\\db\\migration\\data\\v320\\text_reparser', 'a:2:{i:0;s:48:\"\\phpbb\\db\\migration\\data\\v310\\contact_admin_form\";i:1;s:51:\"\\phpbb\\db\\migration\\data\\v320\\allowed_schemes_links\";}', 1, 1, '', 1580733505, 1580733505),('\\phpbb\\db\\migration\\data\\v320\\v320', 'a:2:{i:0;s:54:\"\\phpbb\\db\\migration\\data\\v31x\\increase_size_of_emotion\";i:1;s:43:\"\\phpbb\\db\\migration\\data\\v320\\cookie_notice\";}', 1, 1, '', 1580733505, 1580733505),('\\phpbb\\db\\migration\\data\\v320\\v320a1', 'a:9:{i:0;s:33:\"\\phpbb\\db\\migration\\data\\v320\\dev\";i:1;s:51:\"\\phpbb\\db\\migration\\data\\v320\\allowed_schemes_links\";i:2;s:56:\"\\phpbb\\db\\migration\\data\\v320\\announce_global_permission\";i:3;s:53:\"\\phpbb\\db\\migration\\data\\v320\\remove_profilefield_wlm\";i:4;s:49:\"\\phpbb\\db\\migration\\data\\v320\\font_awesome_update\";i:5;s:39:\"\\phpbb\\db\\migration\\data\\v320\\icons_alt\";i:6;s:41:\"\\phpbb\\db\\migration\\data\\v320\\log_post_id\";i:7;s:51:\"\\phpbb\\db\\migration\\data\\v320\\remove_outdated_media\";i:8;s:49:\"\\phpbb\\db\\migration\\data\\v320\\notifications_board\";}', 1, 1, '', 1580733505, 1580733505),('\\phpbb\\db\\migration\\data\\v320\\v320a2', 'a:3:{i:0;s:37:\"\\phpbb\\db\\migration\\data\\v31x\\v317rc1\";i:1;s:43:\"\\phpbb\\db\\migration\\data\\v320\\text_reparser\";i:2;s:36:\"\\phpbb\\db\\migration\\data\\v320\\v320a1\";}', 1, 1, '', 1580733505, 1580733505),('\\phpbb\\db\\migration\\data\\v320\\v320b1', 'a:4:{i:0;s:37:\"\\phpbb\\db\\migration\\data\\v31x\\v317pl1\";i:1;s:36:\"\\phpbb\\db\\migration\\data\\v320\\v320a2\";i:2;s:57:\"\\phpbb\\db\\migration\\data\\v31x\\increase_size_of_dateformat\";i:3;s:51:\"\\phpbb\\db\\migration\\data\\v320\\default_data_type_ids\";}', 1, 1, '', 1580733505, 1580733505),('\\phpbb\\db\\migration\\data\\v320\\v320b2', 'a:3:{i:0;s:34:\"\\phpbb\\db\\migration\\data\\v31x\\v318\";i:1;s:36:\"\\phpbb\\db\\migration\\data\\v320\\v320b1\";i:2;s:54:\"\\phpbb\\db\\migration\\data\\v320\\remote_upload_validation\";}', 1, 1, '', 1580733505, 1580733505),('\\phpbb\\db\\migration\\data\\v320\\v320rc1', 'a:3:{i:0;s:34:\"\\phpbb\\db\\migration\\data\\v31x\\v319\";i:1;s:54:\"\\phpbb\\db\\migration\\data\\v320\\report_id_auto_increment\";i:2;s:36:\"\\phpbb\\db\\migration\\data\\v320\\v320b2\";}', 1, 1, '', 1580733505, 1580733505),('\\phpbb\\db\\migration\\data\\v320\\v320rc2', 'a:3:{i:0;s:57:\"\\phpbb\\db\\migration\\data\\v31x\\remove_duplicate_migrations\";i:1;s:48:\"\\phpbb\\db\\migration\\data\\v31x\\add_log_time_index\";i:2;s:44:\"\\phpbb\\db\\migration\\data\\v320\\add_help_phpbb\";}', 1, 1, '', 1580733505, 1580733505),('\\phpbb\\db\\migration\\data\\v32x\\cookie_notice_p2', 'a:1:{i:0;s:34:\"\\phpbb\\db\\migration\\data\\v320\\v320\";}', 1, 1, '', 1580733505, 1580733505),('\\phpbb\\db\\migration\\data\\v32x\\disable_remote_avatar', 'a:1:{i:0;s:34:\"\\phpbb\\db\\migration\\data\\v32x\\v325\";}', 1, 1, '', 1580733505, 1580733505),('\\phpbb\\db\\migration\\data\\v32x\\email_force_sender', 'a:1:{i:0;s:34:\"\\phpbb\\db\\migration\\data\\v32x\\v321\";}', 1, 1, '', 1580733505, 1580733505),('\\phpbb\\db\\migration\\data\\v32x\\enable_accurate_pm_button', 'a:1:{i:0;s:34:\"\\phpbb\\db\\migration\\data\\v32x\\v322\";}', 1, 1, '', 1580733505, 1580733505),('\\phpbb\\db\\migration\\data\\v32x\\f_list_topics_permission_add', 'a:1:{i:0;s:34:\"\\phpbb\\db\\migration\\data\\v32x\\v321\";}', 1, 1, '', 1580733505, 1580733505),('\\phpbb\\db\\migration\\data\\v32x\\fix_user_styles', 'a:1:{i:0;s:34:\"\\phpbb\\db\\migration\\data\\v320\\v320\";}', 1, 1, '', 1580733505, 1580733505),('\\phpbb\\db\\migration\\data\\v32x\\forum_topics_per_page_type', 'a:1:{i:0;s:34:\"\\phpbb\\db\\migration\\data\\v32x\\v323\";}', 1, 1, '', 1580733505, 1580733505),('\\phpbb\\db\\migration\\data\\v32x\\jquery_update', 'a:1:{i:0;s:37:\"\\phpbb\\db\\migration\\data\\v32x\\v325rc1\";}', 1, 1, '', 1580733505, 1580733505),('\\phpbb\\db\\migration\\data\\v32x\\load_user_activity_limit', 'a:1:{i:0;s:34:\"\\phpbb\\db\\migration\\data\\v320\\v320\";}', 1, 1, '', 1580733505, 1580733505),('\\phpbb\\db\\migration\\data\\v32x\\merge_duplicate_bbcodes', 'a:0:{}', 1, 1, '', 1580733505, 1580733505),('\\phpbb\\db\\migration\\data\\v32x\\remove_imagick', 'a:1:{i:0;s:37:\"\\phpbb\\db\\migration\\data\\v32x\\v324rc1\";}', 1, 1, '', 1580733505, 1580733505),('\\phpbb\\db\\migration\\data\\v32x\\smtp_dynamic_data', 'a:1:{i:0;s:37:\"\\phpbb\\db\\migration\\data\\v32x\\v326rc1\";}', 1, 1, '', 1580733505, 1580733505),('\\phpbb\\db\\migration\\data\\v32x\\timezone_p3', 'a:1:{i:0;s:38:\"\\phpbb\\db\\migration\\data\\v310\\timezone\";}', 1, 1, '', 1580733505, 1580733505),('\\phpbb\\db\\migration\\data\\v32x\\update_prosilver_bitfield', 'a:1:{i:0;s:34:\"\\phpbb\\db\\migration\\data\\v32x\\v321\";}', 1, 1, '', 1580733505, 1580733505),('\\phpbb\\db\\migration\\data\\v32x\\user_emoji_permission', 'a:1:{i:0;s:37:\"\\phpbb\\db\\migration\\data\\v32x\\v329rc1\";}', 1, 1, '', 1580733505, 1580733505),('\\phpbb\\db\\migration\\data\\v32x\\user_notifications_table_index_p1', 'a:1:{i:0;s:46:\"\\phpbb\\db\\migration\\data\\v32x\\cookie_notice_p2\";}', 1, 1, '', 1580733505, 1580733505),('\\phpbb\\db\\migration\\data\\v32x\\user_notifications_table_index_p2', 'a:1:{i:0;s:63:\"\\phpbb\\db\\migration\\data\\v32x\\user_notifications_table_index_p1\";}', 1, 1, '', 1580733505, 1580733505),('\\phpbb\\db\\migration\\data\\v32x\\user_notifications_table_index_p3', 'a:1:{i:0;s:63:\"\\phpbb\\db\\migration\\data\\v32x\\user_notifications_table_index_p2\";}', 1, 1, '', 1580733505, 1580733505),('\\phpbb\\db\\migration\\data\\v32x\\user_notifications_table_reduce_column_sizes', 'a:1:{i:0;s:63:\"\\phpbb\\db\\migration\\data\\v32x\\user_notifications_table_index_p3\";}', 1, 1, '', 1580733505, 1580733505),('\\phpbb\\db\\migration\\data\\v32x\\user_notifications_table_remove_duplicates', 'a:1:{i:0;s:65:\"\\phpbb\\db\\migration\\data\\v32x\\user_notifications_table_temp_index\";}', 1, 1, '', 1580733505, 1580733505),('\\phpbb\\db\\migration\\data\\v32x\\user_notifications_table_temp_index', 'a:1:{i:0;s:74:\"\\phpbb\\db\\migration\\data\\v32x\\user_notifications_table_reduce_column_sizes\";}', 1, 1, '', 1580733505, 1580733505),('\\phpbb\\db\\migration\\data\\v32x\\user_notifications_table_unique_index', 'a:1:{i:0;s:72:\"\\phpbb\\db\\migration\\data\\v32x\\user_notifications_table_remove_duplicates\";}', 1, 1, '', 1580733505, 1580733505),('\\phpbb\\db\\migration\\data\\v32x\\v321', 'a:2:{i:0;s:35:\"\\phpbb\\db\\migration\\data\\v31x\\v3111\";i:1;s:37:\"\\phpbb\\db\\migration\\data\\v32x\\v321rc1\";}', 1, 1, '', 1580733505, 1580733505),('\\phpbb\\db\\migration\\data\\v32x\\v321rc1', 'a:4:{i:0;s:34:\"\\phpbb\\db\\migration\\data\\v320\\v320\";i:1;s:38:\"\\phpbb\\db\\migration\\data\\v31x\\v3111rc1\";i:2;s:54:\"\\phpbb\\db\\migration\\data\\v32x\\load_user_activity_limit\";i:3;s:67:\"\\phpbb\\db\\migration\\data\\v32x\\user_notifications_table_unique_index\";}', 1, 1, '', 1580733505, 1580733505),('\\phpbb\\db\\migration\\data\\v32x\\v322', 'a:2:{i:0;s:35:\"\\phpbb\\db\\migration\\data\\v31x\\v3112\";i:1;s:37:\"\\phpbb\\db\\migration\\data\\v32x\\v322rc1\";}', 1, 1, '', 1580733505, 1580733505),('\\phpbb\\db\\migration\\data\\v32x\\v322rc1', 'a:6:{i:0;s:34:\"\\phpbb\\db\\migration\\data\\v32x\\v321\";i:1;s:45:\"\\phpbb\\db\\migration\\data\\v32x\\fix_user_styles\";i:2;s:55:\"\\phpbb\\db\\migration\\data\\v32x\\update_prosilver_bitfield\";i:3;s:48:\"\\phpbb\\db\\migration\\data\\v32x\\email_force_sender\";i:4;s:58:\"\\phpbb\\db\\migration\\data\\v32x\\f_list_topics_permission_add\";i:5;s:53:\"\\phpbb\\db\\migration\\data\\v32x\\merge_duplicate_bbcodes\";}', 1, 1, '', 1580733505, 1580733505),('\\phpbb\\db\\migration\\data\\v32x\\v323', 'a:1:{i:0;s:37:\"\\phpbb\\db\\migration\\data\\v32x\\v323rc2\";}', 1, 1, '', 1580733505, 1580733505),('\\phpbb\\db\\migration\\data\\v32x\\v323rc1', 'a:2:{i:0;s:34:\"\\phpbb\\db\\migration\\data\\v32x\\v322\";i:1;s:55:\"\\phpbb\\db\\migration\\data\\v32x\\enable_accurate_pm_button\";}', 1, 1, '', 1580733505, 1580733505),('\\phpbb\\db\\migration\\data\\v32x\\v323rc2', 'a:1:{i:0;s:37:\"\\phpbb\\db\\migration\\data\\v32x\\v323rc1\";}', 1, 1, '', 1580733505, 1580733505),('\\phpbb\\db\\migration\\data\\v32x\\v324', 'a:2:{i:0;s:37:\"\\phpbb\\db\\migration\\data\\v32x\\v324rc1\";i:1;s:44:\"\\phpbb\\db\\migration\\data\\v32x\\remove_imagick\";}', 1, 1, '', 1580733505, 1580733505),('\\phpbb\\db\\migration\\data\\v32x\\v324rc1', 'a:2:{i:0;s:34:\"\\phpbb\\db\\migration\\data\\v32x\\v323\";i:1;s:56:\"\\phpbb\\db\\migration\\data\\v32x\\forum_topics_per_page_type\";}', 1, 1, '', 1580733505, 1580733505),('\\phpbb\\db\\migration\\data\\v32x\\v325', 'a:2:{i:0;s:37:\"\\phpbb\\db\\migration\\data\\v32x\\v325rc1\";i:1;s:43:\"\\phpbb\\db\\migration\\data\\v32x\\jquery_update\";}', 1, 1, '', 1580733505, 1580733505),('\\phpbb\\db\\migration\\data\\v32x\\v325rc1', 'a:1:{i:0;s:34:\"\\phpbb\\db\\migration\\data\\v32x\\v324\";}', 1, 1, '', 1580733505, 1580733505),('\\phpbb\\db\\migration\\data\\v32x\\v326', 'a:3:{i:0;s:37:\"\\phpbb\\db\\migration\\data\\v32x\\v326rc1\";i:1;s:51:\"\\phpbb\\db\\migration\\data\\v32x\\disable_remote_avatar\";i:2;s:47:\"\\phpbb\\db\\migration\\data\\v32x\\smtp_dynamic_data\";}', 1, 1, '', 1580733505, 1580733505),('\\phpbb\\db\\migration\\data\\v32x\\v326rc1', 'a:1:{i:0;s:34:\"\\phpbb\\db\\migration\\data\\v32x\\v325\";}', 1, 1, '', 1580733505, 1580733505),('\\phpbb\\db\\migration\\data\\v32x\\v327', 'a:1:{i:0;s:37:\"\\phpbb\\db\\migration\\data\\v32x\\v327rc1\";}', 1, 1, '', 1580733505, 1580733505),('\\phpbb\\db\\migration\\data\\v32x\\v327rc1', 'a:1:{i:0;s:34:\"\\phpbb\\db\\migration\\data\\v32x\\v326\";}', 1, 1, '', 1580733505, 1580733505),('\\phpbb\\db\\migration\\data\\v32x\\v328', 'a:1:{i:0;s:37:\"\\phpbb\\db\\migration\\data\\v32x\\v328rc1\";}', 1, 1, '', 1580733505, 1580733505),('\\phpbb\\db\\migration\\data\\v32x\\v328rc1', 'a:2:{i:0;s:41:\"\\phpbb\\db\\migration\\data\\v32x\\timezone_p3\";i:1;s:34:\"\\phpbb\\db\\migration\\data\\v32x\\v327\";}', 1, 1, '', 1580733505, 1580733505),('\\phpbb\\db\\migration\\data\\v32x\\v329', 'a:2:{i:0;s:37:\"\\phpbb\\db\\migration\\data\\v32x\\v329rc1\";i:1;s:51:\"\\phpbb\\db\\migration\\data\\v32x\\user_emoji_permission\";}', 1, 1, '', 1580733505, 1580733505),('\\phpbb\\db\\migration\\data\\v32x\\v329rc1', 'a:1:{i:0;s:34:\"\\phpbb\\db\\migration\\data\\v32x\\v328\";}', 1, 1, '', 1580733505, 1580733505),('\\phpbb\\db\\migration\\data\\v330\\add_display_unapproved_posts_config', 'a:1:{i:0;s:33:\"\\phpbb\\db\\migration\\data\\v330\\dev\";}', 1, 1, '', 1580733505, 1580733505),('\\phpbb\\db\\migration\\data\\v330\\dev', 'a:1:{i:0;s:34:\"\\phpbb\\db\\migration\\data\\v32x\\v327\";}', 1, 1, '', 1580733505, 1580733505),('\\phpbb\\db\\migration\\data\\v330\\forums_legend_limit', 'a:1:{i:0;s:36:\"\\phpbb\\db\\migration\\data\\v330\\v330b1\";}', 1, 1, '', 1580733505, 1580733505),('\\phpbb\\db\\migration\\data\\v330\\jquery_update', 'a:1:{i:0;s:33:\"\\phpbb\\db\\migration\\data\\v330\\dev\";}', 1, 1, '', 1580733505, 1580733505),('\\phpbb\\db\\migration\\data\\v330\\remove_attachment_flash', 'a:1:{i:0;s:33:\"\\phpbb\\db\\migration\\data\\v330\\dev\";}', 1, 1, '', 1580733505, 1580733505),('\\phpbb\\db\\migration\\data\\v330\\remove_email_hash', 'a:1:{i:0;s:43:\"\\phpbb\\db\\migration\\data\\v30x\\release_3_0_0\";}', 1, 1, '', 1580733505, 1580733505),('\\phpbb\\db\\migration\\data\\v330\\remove_max_pass_chars', 'a:1:{i:0;s:33:\"\\phpbb\\db\\migration\\data\\v330\\dev\";}', 1, 1, '', 1580733505, 1580733505),('\\phpbb\\db\\migration\\data\\v330\\reset_password', 'a:1:{i:0;s:33:\"\\phpbb\\db\\migration\\data\\v330\\dev\";}', 1, 1, '', 1580733505, 1580733505),('\\phpbb\\db\\migration\\data\\v330\\v330', 'a:2:{i:0;s:34:\"\\phpbb\\db\\migration\\data\\v32x\\v329\";i:1;s:37:\"\\phpbb\\db\\migration\\data\\v330\\v330rc1\";}', 1, 1, '', 1580733505, 1580733505),('\\phpbb\\db\\migration\\data\\v330\\v330b1', 'a:6:{i:0;s:43:\"\\phpbb\\db\\migration\\data\\v330\\jquery_update\";i:1;s:44:\"\\phpbb\\db\\migration\\data\\v330\\reset_password\";i:2;s:53:\"\\phpbb\\db\\migration\\data\\v330\\remove_attachment_flash\";i:3;s:51:\"\\phpbb\\db\\migration\\data\\v330\\remove_max_pass_chars\";i:4;s:34:\"\\phpbb\\db\\migration\\data\\v32x\\v328\";i:5;s:33:\"\\phpbb\\db\\migration\\data\\v330\\dev\";}', 1, 1, '', 1580733505, 1580733505),('\\phpbb\\db\\migration\\data\\v330\\v330b2', 'a:4:{i:0;s:65:\"\\phpbb\\db\\migration\\data\\v330\\add_display_unapproved_posts_config\";i:1;s:49:\"\\phpbb\\db\\migration\\data\\v330\\forums_legend_limit\";i:2;s:47:\"\\phpbb\\db\\migration\\data\\v330\\remove_email_hash\";i:3;s:36:\"\\phpbb\\db\\migration\\data\\v330\\v330b1\";}', 1, 1, '', 1580733505, 1580733505),('\\phpbb\\db\\migration\\data\\v330\\v330rc1', 'a:1:{i:0;s:36:\"\\phpbb\\db\\migration\\data\\v330\\v330b2\";}', 1, 1, '', 1580733505, 1580733505),('\\phpbb\\viglink\\migrations\\viglink_ask_admin', 'a:1:{i:0;s:41:\"\\phpbb\\viglink\\migrations\\viglink_data_v2\";}', 1, 1, '', 1580733506, 1580733506),('\\phpbb\\viglink\\migrations\\viglink_ask_admin_wait', 'a:1:{i:0;s:43:\"\\phpbb\\viglink\\migrations\\viglink_ask_admin\";}', 1, 1, '', 1580733506, 1580733506),('\\phpbb\\viglink\\migrations\\viglink_cron', 'a:1:{i:0;s:38:\"\\phpbb\\viglink\\migrations\\viglink_data\";}', 1, 1, '', 0, 0),('\\phpbb\\viglink\\migrations\\viglink_data', 'a:1:{i:0;s:34:\"\\phpbb\\db\\migration\\data\\v31x\\v312\";}', 1, 1, '', 1580733505, 1580733506),('\\phpbb\\viglink\\migrations\\viglink_data_v2', 'a:1:{i:0;s:38:\"\\phpbb\\viglink\\migrations\\viglink_data\";}', 1, 1, '', 1580733506, 1580733506);

# Table: phpbb_moderator_cache
DROP TABLE IF EXISTS phpbb_moderator_cache;
CREATE TABLE `phpbb_moderator_cache` (
  `forum_id` mediumint(8) unsigned NOT NULL DEFAULT 0,
  `user_id` int(10) unsigned NOT NULL DEFAULT 0,
  `username` varchar(255) COLLATE utf8_bin NOT NULL DEFAULT '',
  `group_id` mediumint(8) unsigned NOT NULL DEFAULT 0,
  `group_name` varchar(255) COLLATE utf8_bin NOT NULL DEFAULT '',
  `display_on_index` tinyint(1) unsigned NOT NULL DEFAULT 1,
  KEY `disp_idx` (`display_on_index`),
  KEY `forum_id` (`forum_id`)
) ENGINE=InnoDB DEFAULT CHARSET=utf8 COLLATE=utf8_bin;

# Table: phpbb_modules
DROP TABLE IF EXISTS phpbb_modules;
CREATE TABLE `phpbb_modules` (
  `module_id` mediumint(8) unsigned NOT NULL AUTO_INCREMENT,
  `module_enabled` tinyint(1) unsigned NOT NULL DEFAULT 1,
  `module_display` tinyint(1) unsigned NOT NULL DEFAULT 1,
  `module_basename` varchar(255) COLLATE utf8_bin NOT NULL DEFAULT '',
  `module_class` varchar(10) COLLATE utf8_bin NOT NULL DEFAULT '',
  `parent_id` mediumint(8) unsigned NOT NULL DEFAULT 0,
  `left_id` mediumint(8) unsigned NOT NULL DEFAULT 0,
  `right_id` mediumint(8) unsigned NOT NULL DEFAULT 0,
  `module_langname` varchar(255) COLLATE utf8_bin NOT NULL DEFAULT '',
  `module_mode` varchar(255) COLLATE utf8_bin NOT NULL DEFAULT '',
  `module_auth` varchar(255) COLLATE utf8_bin NOT NULL DEFAULT '',
  PRIMARY KEY (`module_id`),
  KEY `left_right_id` (`left_id`,`right_id`),
  KEY `module_enabled` (`module_enabled`),
  KEY `class_left_id` (`module_class`,`left_id`)
) ENGINE=InnoDB AUTO_INCREMENT=208 DEFAULT CHARSET=utf8 COLLATE=utf8_bin;

INSERT INTO phpbb_modules (module_id, module_enabled, module_display, module_basename, module_class, parent_id, left_id, right_id, module_langname, module_mode, module_auth) VALUES (1, 1, 1, '', 'acp', 0, 1, 68, 'ACP_CAT_GENERAL', '', ''),(2, 1, 1, '', 'acp', 1, 4, 17, 'ACP_QUICK_ACCESS', '', ''),(3, 1, 1, '', 'acp', 1, 18, 45, 'ACP_BOARD_CONFIGURATION', '', ''),(4, 1, 1, '', 'acp', 1, 46, 53, 'ACP_CLIENT_COMMUNICATION', '', ''),(5, 1, 1, '', 'acp', 1, 54, 67, 'ACP_SERVER_CONFIGURATION', '', ''),(6, 1, 1, '', 'acp', 0, 69, 88, 'ACP_CAT_FORUMS', '', ''),(7, 1, 1, '', 'acp', 6, 70, 75, 'ACP_MANAGE_FORUMS', '', ''),(8, 1, 1, '', 'acp', 6, 76, 87, 'ACP_FORUM_BASED_PERMISSIONS', '', ''),(9, 1, 1, '', 'acp', 0, 89, 116, 'ACP_CAT_POSTING', '', ''),(10, 1, 1, '', 'acp', 9, 90, 103, 'ACP_MESSAGES', '', ''),(11, 1, 1, '', 'acp', 9, 104, 115, 'ACP_ATTACHMENTS', '', ''),(12, 1, 1, '', 'acp', 0, 117, 174, 'ACP_CAT_USERGROUP', '', ''),(13, 1, 1, '', 'acp', 12, 118, 153, 'ACP_CAT_USERS', '', ''),(14, 1, 1, '', 'acp', 12, 154, 163, 'ACP_GROUPS', '', ''),(15, 1, 1, '', 'acp', 12, 164, 173, 'ACP_USER_SECURITY', '', ''),(16, 1, 1, '', 'acp', 0, 175, 224, 'ACP_CAT_PERMISSIONS', '', ''),(17, 1, 1, '', 'acp', 16, 178, 187, 'ACP_GLOBAL_PERMISSIONS', '', ''),(18, 1, 1, '', 'acp', 16, 188, 199, 'ACP_FORUM_BASED_PERMISSIONS', '', ''),(19, 1, 1, '', 'acp', 16, 200, 209, 'ACP_PERMISSION_ROLES', '', ''),(20, 1, 1, '', 'acp', 16, 210, 223, 'ACP_PERMISSION_MASKS', '', ''),(21, 1, 1, '', 'acp', 0, 225, 240, 'ACP_CAT_CUSTOMISE', '', ''),(22, 1, 1, '', 'acp', 21, 230, 235, 'ACP_STYLE_MANAGEMENT', '', ''),(23, 1, 1, '', 'acp', 21, 226, 229, 'ACP_EXTENSION_MANAGEMENT', '', ''),(24, 1, 1, '', 'acp', 21, 236, 239, 'ACP_LANGUAGE', '', ''),(25, 1, 1, '', 'acp', 0, 241, 260, 'ACP_CAT_MAINTENANCE', '', ''),(26, 1, 1, '', 'acp', 25, 242, 251, 'ACP_FORUM_LOGS', '', ''),(27, 1, 1, '', 'acp', 25, 252, 259, 'ACP_CAT_DATABASE', '', ''),(28, 1, 1, '', 'acp', 0, 261, 284, 'ACP_CAT_SYSTEM', '', ''),(29, 1, 1, '', 'acp', 28, 262, 265, 'ACP_AUTOMATION', '', ''),(30, 1, 1, '', 'acp', 28, 266, 275, 'ACP_GENERAL_TASKS', '', ''),(31, 1, 1, '', 'acp', 28, 276, 283, 'ACP_MODULE_MANAGEMENT', '', ''),(32, 1, 1, '', 'acp', 0, 285, 286, 'ACP_CAT_DOT_MODS', '', ''),(33, 1, 1, 'acp_attachments', 'acp', 3, 19, 20, 'ACP_ATTACHMENT_SETTINGS', 'attach', 'acl_a_attach'),(34, 1, 1, 'acp_attachments', 'acp', 11, 105, 106, 'ACP_ATTACHMENT_SETTINGS', 'attach', 'acl_a_attach'),(35, 1, 1, 'acp_attachments', 'acp', 11, 107, 108, 'ACP_MANAGE_EXTENSIONS', 'extensions', 'acl_a_attach'),(36, 1, 1, 'acp_attachments', 'acp', 11, 109, 110, 'ACP_EXTENSION_GROUPS', 'ext_groups', 'acl_a_attach'),(37, 1, 1, 'acp_attachments', 'acp', 11, 111, 112, 'ACP_ORPHAN_ATTACHMENTS', 'orphan', 'acl_a_attach'),(38, 1, 1, 'acp_attachments', 'acp', 11, 113, 114, 'ACP_MANAGE_ATTACHMENTS', 'manage', 'acl_a_attach'),(39, 1, 1, 'acp_ban', 'acp', 15, 165, 166, 'ACP_BAN_EMAILS', 'email', 'acl_a_ban'),(40, 1, 1, 'acp_ban', 'acp', 15, 167, 168, 'ACP_BAN_IPS', 'ip', 'acl_a_ban'),(41, 1, 1, 'acp_ban', 'acp', 15, 169, 170, 'ACP_BAN_USERNAMES', 'user', 'acl_a_ban'),(42, 1, 1, 'acp_bbcodes', 'acp', 10, 91, 92, 'ACP_BBCODES', 'bbcodes', 'acl_a_bbcode'),(43, 1, 1, 'acp_board', 'acp', 3, 21, 22, 'ACP_BOARD_SETTINGS', 'settings', 'acl_a_board'),(44, 1, 1, 'acp_board', 'acp', 3, 23, 24, 'ACP_BOARD_FEATURES', 'features', 'acl_a_board'),(45, 1, 1, 'acp_board', 'acp', 3, 25, 26, 'ACP_AVATAR_SETTINGS', 'avatar', 'acl_a_board'),(46, 1, 1, 'acp_board', 'acp', 3, 27, 28, 'ACP_MESSAGE_SETTINGS', 'message', 'acl_a_board'),(47, 1, 1, 'acp_board', 'acp', 10, 93, 94, 'ACP_MESSAGE_SETTINGS', 'message', 'acl_a_board'),(48, 1, 1, 'acp_board', 'acp', 3, 29, 30, 'ACP_POST_SETTINGS', 'post', 'acl_a_board'),(49, 1, 1, 'acp_board', 'acp', 10, 95, 96, 'ACP_POST_SETTINGS', 'post', 'acl_a_board'),(50, 1, 1, 'acp_board', 'acp', 3, 31, 32, 'ACP_SIGNATURE_SETTINGS', 'signature', 'acl_a_board'),(51, 1, 1, 'acp_board', 'acp', 3, 33, 34, 'ACP_FEED_SETTINGS', 'feed', 'acl_a_board'),(52, 1, 1, 'acp_board', 'acp', 3, 35, 36, 'ACP_REGISTER_SETTINGS', 'registration', 'acl_a_board'),(53, 1, 1, 'acp_board', 'acp', 4, 47, 48, 'ACP_AUTH_SETTINGS', 'auth', 'acl_a_server'),(54, 1, 1, 'acp_board', 'acp', 4, 49, 50, 'ACP_EMAIL_SETTINGS', 'email', 'acl_a_server'),(55, 1, 1, 'acp_board', 'acp', 5, 55, 56, 'ACP_COOKIE_SETTINGS', 'cookie', 'acl_a_server'),(56, 1, 1, 'acp_board', 'acp', 5, 57, 58, 'ACP_SERVER_SETTINGS', 'server', 'acl_a_server'),(57, 1, 1, 'acp_board', 'acp', 5, 59, 60, 'ACP_SECURITY_SETTINGS', 'security', 'acl_a_server'),(58, 1, 1, 'acp_board', 'acp', 5, 61, 62, 'ACP_LOAD_SETTINGS', 'load', 'acl_a_server'),(59, 1, 1, 'acp_bots', 'acp', 30, 267, 268, 'ACP_BOTS', 'bots', 'acl_a_bots'),(60, 1, 1, 'acp_captcha', 'acp', 3, 37, 38, 'ACP_VC_SETTINGS', 'visual', 'acl_a_board'),(61, 1, 0, 'acp_captcha', 'acp', 3, 39, 40, 'ACP_VC_CAPTCHA_DISPLAY', 'img', 'acl_a_board'),(62, 1, 1, 'acp_contact', 'acp', 3, 41, 42, 'ACP_CONTACT_SETTINGS', 'contact', 'acl_a_board'),(63, 1, 1, 'acp_database', 'acp', 27, 253, 254, 'ACP_BACKUP', 'backup', 'acl_a_backup'),(64, 1, 1, 'acp_database', 'acp', 27, 255, 256, 'ACP_RESTORE', 'restore', 'acl_a_backup'),(65, 1, 1, 'acp_disallow', 'acp', 15, 171, 172, 'ACP_DISALLOW_USERNAMES', 'usernames', 'acl_a_names'),(66, 1, 1, 'acp_email', 'acp', 30, 269, 270, 'ACP_MASS_EMAIL', 'email', 'acl_a_email && cfg_email_enable'),(67, 1, 1, 'acp_extensions', 'acp', 23, 227, 228, 'ACP_EXTENSIONS', 'main', 'acl_a_extensions'),(68, 1, 1, 'acp_forums', 'acp', 7, 71, 72, 'ACP_MANAGE_FORUMS', 'manage', 'acl_a_forum'),(69, 1, 1, 'acp_groups', 'acp', 14, 155, 156, 'ACP_GROUPS_MANAGE', 'manage', 'acl_a_group'),(70, 1, 1, 'acp_groups', 'acp', 14, 157, 158, 'ACP_GROUPS_POSITION', 'position', 'acl_a_group'),(71, 1, 1, 'acp_help_phpbb', 'acp', 5, 63, 64, 'ACP_HELP_PHPBB', 'help_phpbb', 'acl_a_server'),(72, 1, 1, 'acp_icons', 'acp', 10, 97, 98, 'ACP_ICONS', 'icons', 'acl_a_icons'),(73, 1, 1, 'acp_icons', 'acp', 10, 99, 100, 'ACP_SMILIES', 'smilies', 'acl_a_icons'),(74, 1, 1, 'acp_inactive', 'acp', 13, 119, 120, 'ACP_INACTIVE_USERS', 'list', 'acl_a_user'),(75, 1, 1, 'acp_jabber', 'acp', 4, 51, 52, 'ACP_JABBER_SETTINGS', 'settings', 'acl_a_jabber'),(76, 1, 1, 'acp_language', 'acp', 24, 237, 238, 'ACP_LANGUAGE_PACKS', 'lang_packs', 'acl_a_language'),(77, 1, 1, 'acp_logs', 'acp', 26, 243, 244, 'ACP_ADMIN_LOGS', 'admin', 'acl_a_viewlogs'),(78, 1, 1, 'acp_logs', 'acp', 26, 245, 246, 'ACP_MOD_LOGS', 'mod', 'acl_a_viewlogs'),(79, 1, 1, 'acp_logs', 'acp', 26, 247, 248, 'ACP_USERS_LOGS', 'users', 'acl_a_viewlogs'),(80, 1, 1, 'acp_logs', 'acp', 26, 249, 250, 'ACP_CRITICAL_LOGS', 'critical', 'acl_a_viewlogs'),(81, 1, 1, 'acp_main', 'acp', 1, 2, 3, 'ACP_INDEX', 'main', ''),(82, 1, 1, 'acp_modules', 'acp', 31, 277, 278, 'ACP', 'acp', 'acl_a_modules'),(83, 1, 1, 'acp_modules', 'acp', 31, 279, 280, 'UCP', 'ucp', 'acl_a_modules'),(84, 1, 1, 'acp_modules', 'acp', 31, 281, 282, 'MCP', 'mcp', 'acl_a_modules'),(85, 1, 1, 'acp_permission_roles', 'acp', 19, 201, 202, 'ACP_ADMIN_ROLES', 'admin_roles', 'acl_a_roles && acl_a_aauth'),(86, 1, 1, 'acp_permission_roles', 'acp', 19, 203, 204, 'ACP_USER_ROLES', 'user_roles', 'acl_a_roles && acl_a_uauth'),(87, 1, 1, 'acp_permission_roles', 'acp', 19, 205, 206, 'ACP_MOD_ROLES', 'mod_roles', 'acl_a_roles && acl_a_mauth'),(88, 1, 1, 'acp_permission_roles', 'acp', 19, 207, 208, 'ACP_FORUM_ROLES', 'forum_roles', 'acl_a_roles && acl_a_fauth'),(89, 1, 1, 'acp_permissions', 'acp', 16, 176, 177, 'ACP_PERMISSIONS', 'intro', 'acl_a_authusers || acl_a_authgroups || acl_a_viewauth'),(90, 1, 0, 'acp_permissions', 'acp', 20, 211, 212, 'ACP_PERMISSION_TRACE', 'trace', 'acl_a_viewauth'),(91, 1, 1, 'acp_permissions', 'acp', 18, 189, 190, 'ACP_FORUM_PERMISSIONS', 'setting_forum_local', 'acl_a_fauth && (acl_a_authusers || acl_a_authgroups)'),(92, 1, 1, 'acp_permissions', 'acp', 18, 191, 192, 'ACP_FORUM_PERMISSIONS_COPY', 'setting_forum_copy', 'acl_a_fauth && acl_a_authusers && acl_a_authgroups && acl_a_mauth'),(93, 1, 1, 'acp_permissions', 'acp', 18, 193, 194, 'ACP_FORUM_MODERATORS', 'setting_mod_local', 'acl_a_mauth && (acl_a_authusers || acl_a_authgroups)'),(94, 1, 1, 'acp_permissions', 'acp', 17, 179, 180, 'ACP_USERS_PERMISSIONS', 'setting_user_global', 'acl_a_authusers && (acl_a_aauth || acl_a_mauth || acl_a_uauth)'),(95, 1, 1, 'acp_permissions', 'acp', 13, 123, 124, 'ACP_USERS_PERMISSIONS', 'setting_user_global', 'acl_a_authusers && (acl_a_aauth || acl_a_mauth || acl_a_uauth)'),(96, 1, 1, 'acp_permissions', 'acp', 18, 195, 196, 'ACP_USERS_FORUM_PERMISSIONS', 'setting_user_local', 'acl_a_authusers && (acl_a_mauth || acl_a_fauth)'),(97, 1, 1, 'acp_permissions', 'acp', 13, 125, 126, 'ACP_USERS_FORUM_PERMISSIONS', 'setting_user_local', 'acl_a_authusers && (acl_a_mauth || acl_a_fauth)'),(98, 1, 1, 'acp_permissions', 'acp', 17, 181, 182, 'ACP_GROUPS_PERMISSIONS', 'setting_group_global', 'acl_a_authgroups && (acl_a_aauth || acl_a_mauth || acl_a_uauth)'),(99, 1, 1, 'acp_permissions', 'acp', 14, 159, 160, 'ACP_GROUPS_PERMISSIONS', 'setting_group_global', 'acl_a_authgroups && (acl_a_aauth || acl_a_mauth || acl_a_uauth)'),(100, 1, 1, 'acp_permissions', 'acp', 18, 197, 198, 'ACP_GROUPS_FORUM_PERMISSIONS', 'setting_group_local', 'acl_a_authgroups && (acl_a_mauth || acl_a_fauth)'),(101, 1, 1, 'acp_permissions', 'acp', 14, 161, 162, 'ACP_GROUPS_FORUM_PERMISSIONS', 'setting_group_local', 'acl_a_authgroups && (acl_a_mauth || acl_a_fauth)'),(102, 1, 1, 'acp_permissions', 'acp', 17, 183, 184, 'ACP_ADMINISTRATORS', 'setting_admin_global', 'acl_a_aauth && (acl_a_authusers || acl_a_authgroups)'),(103, 1, 1, 'acp_permissions', 'acp', 17, 185, 186, 'ACP_GLOBAL_MODERATORS', 'setting_mod_global', 'acl_a_mauth && (acl_a_authusers || acl_a_authgroups)'),(104, 1, 1, 'acp_permissions', 'acp', 20, 213, 214, 'ACP_VIEW_ADMIN_PERMISSIONS', 'view_admin_global', 'acl_a_viewauth'),(105, 1, 1, 'acp_permissions', 'acp', 20, 215, 216, 'ACP_VIEW_USER_PERMISSIONS', 'view_user_global', 'acl_a_viewauth'),(106, 1, 1, 'acp_permissions', 'acp', 20, 217, 218, 'ACP_VIEW_GLOBAL_MOD_PERMISSIONS', 'view_mod_global', 'acl_a_viewauth'),(107, 1, 1, 'acp_permissions', 'acp', 20, 219, 220, 'ACP_VIEW_FORUM_MOD_PERMISSIONS', 'view_mod_local', 'acl_a_viewauth'),(108, 1, 1, 'acp_permissions', 'acp', 20, 221, 222, 'ACP_VIEW_FORUM_PERMISSIONS', 'view_forum_local', 'acl_a_viewauth'),(109, 1, 1, 'acp_php_info', 'acp', 30, 271, 272, 'ACP_PHP_INFO', 'info', 'acl_a_phpinfo'),(110, 1, 1, 'acp_profile', 'acp', 13, 127, 128, 'ACP_CUSTOM_PROFILE_FIELDS', 'profile', 'acl_a_profile'),(111, 1, 1, 'acp_prune', 'acp', 7, 73, 74, 'ACP_PRUNE_FORUMS', 'forums', 'acl_a_prune'),(112, 1, 1, 'acp_prune', 'acp', 13, 129, 130, 'ACP_PRUNE_USERS', 'users', 'acl_a_userdel'),(113, 1, 1, 'acp_ranks', 'acp', 13, 131, 132, 'ACP_MANAGE_RANKS', 'ranks', 'acl_a_ranks'),(114, 1, 1, 'acp_reasons', 'acp', 30, 273, 274, 'ACP_MANAGE_REASONS', 'main', 'acl_a_reasons'),(115, 1, 1, 'acp_search', 'acp', 5, 65, 66, 'ACP_SEARCH_SETTINGS', 'settings', 'acl_a_search'),(116, 1, 1, 'acp_search', 'acp', 27, 257, 258, 'ACP_SEARCH_INDEX', 'index', 'acl_a_search'),(117, 1, 1, 'acp_styles', 'acp', 22, 231, 232, 'ACP_STYLES', 'style', 'acl_a_styles'),(118, 1, 1, 'acp_styles', 'acp', 22, 233, 234, 'ACP_STYLES_INSTALL', 'install', 'acl_a_styles'),(119, 1, 1, 'acp_update', 'acp', 29, 263, 264, 'ACP_VERSION_CHECK', 'version_check', 'acl_a_board'),(120, 1, 1, 'acp_users', 'acp', 13, 121, 122, 'ACP_MANAGE_USERS', 'overview', 'acl_a_user'),(121, 1, 0, 'acp_users', 'acp', 13, 133, 134, 'ACP_USER_FEEDBACK', 'feedback', 'acl_a_user'),(122, 1, 0, 'acp_users', 'acp', 13, 135, 136, 'ACP_USER_WARNINGS', 'warnings', 'acl_a_user'),(123, 1, 0, 'acp_users', 'acp', 13, 137, 138, 'ACP_USER_PROFILE', 'profile', 'acl_a_user'),(124, 1, 0, 'acp_users', 'acp', 13, 139, 140, 'ACP_USER_PREFS', 'prefs', 'acl_a_user'),(125, 1, 0, 'acp_users', 'acp', 13, 141, 142, 'ACP_USER_AVATAR', 'avatar', 'acl_a_user'),(126, 1, 0, 'acp_users', 'acp', 13, 143, 144, 'ACP_USER_RANK', 'rank', 'acl_a_user'),(127, 1, 0, 'acp_users', 'acp', 13, 145, 146, 'ACP_USER_SIG', 'sig', 'acl_a_user'),(128, 1, 0, 'acp_users', 'acp', 13, 147, 148, 'ACP_USER_GROUPS', 'groups', 'acl_a_user && acl_a_group'),(129, 1, 0, 'acp_users', 'acp', 13, 149, 150, 'ACP_USER_PERM', 'perm', 'acl_a_user && acl_a_viewauth'),(130, 1, 0, 'acp_users', 'acp', 13, 151, 152, 'ACP_USER_ATTACH', 'attach', 'acl_a_user'),(131, 1, 1, 'acp_words', 'acp', 10, 101, 102, 'ACP_WORDS', 'words', 'acl_a_words'),(132, 1, 1, 'acp_users', 'acp', 2, 5, 6, 'ACP_MANAGE_USERS', 'overview', 'acl_a_user'),(133, 1, 1, 'acp_groups', 'acp', 2, 7, 8, 'ACP_GROUPS_MANAGE', 'manage', 'acl_a_group'),(134, 1, 1, 'acp_forums', 'acp', 2, 9, 10, 'ACP_MANAGE_FORUMS', 'manage', 'acl_a_forum'),(135, 1, 1, 'acp_logs', 'acp', 2, 11, 12, 'ACP_MOD_LOGS', 'mod', 'acl_a_viewlogs'),(136, 1, 1, 'acp_bots', 'acp', 2, 13, 14, 'ACP_BOTS', 'bots', 'acl_a_bots'),(137, 1, 1, 'acp_php_info', 'acp', 2, 15, 16, 'ACP_PHP_INFO', 'info', 'acl_a_phpinfo'),(138, 1, 1, 'acp_permissions', 'acp', 8, 77, 78, 'ACP_FORUM_PERMISSIONS', 'setting_forum_local', 'acl_a_fauth && (acl_a_authusers || acl_a_authgroups)'),(139, 1, 1, 'acp_permissions', 'acp', 8, 79, 80, 'ACP_FORUM_PERMISSIONS_COPY', 'setting_forum_copy', 'acl_a_fauth && acl_a_authusers && acl_a_authgroups && acl_a_mauth'),(140, 1, 1, 'acp_permissions', 'acp', 8, 81, 82, 'ACP_FORUM_MODERATORS', 'setting_mod_local', 'acl_a_mauth && (acl_a_authusers || acl_a_authgroups)'),(141, 1, 1, 'acp_permissions', 'acp', 8, 83, 84, 'ACP_USERS_FORUM_PERMISSIONS', 'setting_user_local', 'acl_a_authusers && (acl_a_mauth || acl_a_fauth)'),(142, 1, 1, 'acp_permissions', 'acp', 8, 85, 86, 'ACP_GROUPS_FORUM_PERMISSIONS', 'setting_group_local', 'acl_a_authgroups && (acl_a_mauth || acl_a_fauth)'),(143, 1, 1, '', 'mcp', 0, 1, 10, 'MCP_MAIN', '', ''),(144, 1, 1, '', 'mcp', 0, 11, 22, 'MCP_QUEUE', '', ''),(145, 1, 1, '', 'mcp', 0, 23, 36, 'MCP_REPORTS', '', ''),(146, 1, 1, '', 'mcp', 0, 37, 42, 'MCP_NOTES', '', ''),(147, 1, 1, '', 'mcp', 0, 43, 52, 'MCP_WARN', '', ''),(148, 1, 1, '', 'mcp', 0, 53, 60, 'MCP_LOGS', '', ''),(149, 1, 1, '', 'mcp', 0, 61, 68, 'MCP_BAN', '', ''),(150, 1, 1, 'mcp_ban', 'mcp', 149, 62, 63, 'MCP_BAN_USERNAMES', 'user', 'acl_m_ban'),(151, 1, 1, 'mcp_ban', 'mcp', 149, 64, 65, 'MCP_BAN_IPS', 'ip', 'acl_m_ban'),(152, 1, 1, 'mcp_ban', 'mcp', 149, 66, 67, 'MCP_BAN_EMAILS', 'email', 'acl_m_ban'),(153, 1, 1, 'mcp_logs', 'mcp', 148, 54, 55, 'MCP_LOGS_FRONT', 'front', 'acl_m_ || aclf_m_'),(154, 1, 1, 'mcp_logs', 'mcp', 148, 56, 57, 'MCP_LOGS_FORUM_VIEW', 'forum_logs', 'acl_m_,$id'),(155, 1, 1, 'mcp_logs', 'mcp', 148, 58, 59, 'MCP_LOGS_TOPIC_VIEW', 'topic_logs', 'acl_m_,$id'),(156, 1, 1, 'mcp_main', 'mcp', 143, 2, 3, 'MCP_MAIN_FRONT', 'front', ''),(157, 1, 1, 'mcp_main', 'mcp', 143, 4, 5, 'MCP_MAIN_FORUM_VIEW', 'forum_view', 'acl_m_,$id'),(158, 1, 1, 'mcp_main', 'mcp', 143, 6, 7, 'MCP_MAIN_TOPIC_VIEW', 'topic_view', 'acl_m_,$id'),(159, 1, 1, 'mcp_main', 'mcp', 143, 8, 9, 'MCP_MAIN_POST_DETAILS', 'post_details', 'acl_m_,$id || (!$id && aclf_m_)'),(160, 1, 1, 'mcp_notes', 'mcp', 146, 38, 39, 'MCP_NOTES_FRONT', 'front', ''),(161, 1, 1, 'mcp_notes', 'mcp', 146, 40, 41, 'MCP_NOTES_USER', 'user_notes', ''),(162, 1, 1, 'mcp_pm_reports', 'mcp', 145, 30, 31, 'MCP_PM_REPORTS_OPEN', 'pm_reports', 'acl_m_pm_report'),(163, 1, 1, 'mcp_pm_reports', 'mcp', 145, 32, 33, 'MCP_PM_REPORTS_CLOSED', 'pm_reports_closed', 'acl_m_pm_report'),(164, 1, 1, 'mcp_pm_reports', 'mcp', 145, 34, 35, 'MCP_PM_REPORT_DETAILS', 'pm_report_details', 'acl_m_pm_report'),(165, 1, 1, 'mcp_queue', 'mcp', 144, 12, 13, 'MCP_QUEUE_UNAPPROVED_TOPICS', 'unapproved_topics', 'aclf_m_approve'),(166, 1, 1, 'mcp_queue', 'mcp', 144, 14, 15, 'MCP_QUEUE_UNAPPROVED_POSTS', 'unapproved_posts', 'aclf_m_approve'),(167, 1, 1, 'mcp_queue', 'mcp', 144, 16, 17, 'MCP_QUEUE_DELETED_TOPICS', 'deleted_topics', 'aclf_m_approve'),(168, 1, 1, 'mcp_queue', 'mcp', 144, 18, 19, 'MCP_QUEUE_DELETED_POSTS', 'deleted_posts', 'aclf_m_approve'),(169, 1, 1, 'mcp_queue', 'mcp', 144, 20, 21, 'MCP_QUEUE_APPROVE_DETAILS', 'approve_details', 'acl_m_approve,$id || (!$id && aclf_m_approve)'),(170, 1, 1, 'mcp_reports', 'mcp', 145, 24, 25, 'MCP_REPORTS_OPEN', 'reports', 'aclf_m_report'),(171, 1, 1, 'mcp_reports', 'mcp', 145, 26, 27, 'MCP_REPORTS_CLOSED', 'reports_closed', 'aclf_m_report'),(172, 1, 1, 'mcp_reports', 'mcp', 145, 28, 29, 'MCP_REPORT_DETAILS', 'report_details', 'acl_m_report,$id || (!$id && aclf_m_report)'),(173, 1, 1, 'mcp_warn', 'mcp', 147, 44, 45, 'MCP_WARN_FRONT', 'front', 'aclf_m_warn'),(174, 1, 1, 'mcp_warn', 'mcp', 147, 46, 47, 'MCP_WARN_LIST', 'list', 'aclf_m_warn'),(175, 1, 1, 'mcp_warn', 'mcp', 147, 48, 49, 'MCP_WARN_USER', 'warn_user', 'aclf_m_warn'),(176, 1, 1, 'mcp_warn', 'mcp', 147, 50, 51, 'MCP_WARN_POST', 'warn_post', 'acl_m_warn && acl_f_read,$id'),(177, 1, 1, '', 'ucp', 0, 1, 14, 'UCP_MAIN', '', ''),(178, 1, 1, '', 'ucp', 0, 15, 28, 'UCP_PROFILE', '', ''),(179, 1, 1, '', 'ucp', 0, 29, 38, 'UCP_PREFS', '', ''),(180, 1, 1, 'ucp_pm', 'ucp', 0, 39, 48, 'UCP_PM', '', ''),(181, 1, 1, '', 'ucp', 0, 49, 54, 'UCP_USERGROUPS', '', ''),(182, 1, 1, '', 'ucp', 0, 55, 60, 'UCP_ZEBRA', '', ''),(183, 1, 1, 'ucp_attachments', 'ucp', 177, 10, 11, 'UCP_MAIN_ATTACHMENTS', 'attachments', 'acl_u_attach'),(184, 1, 1, 'ucp_auth_link', 'ucp', 178, 26, 27, 'UCP_AUTH_LINK_MANAGE', 'auth_link', 'authmethod_oauth'),(185, 1, 1, 'ucp_groups', 'ucp', 181, 50, 51, 'UCP_USERGROUPS_MEMBER', 'membership', ''),(186, 1, 1, 'ucp_groups', 'ucp', 181, 52, 53, 'UCP_USERGROUPS_MANAGE', 'manage', ''),(187, 1, 1, 'ucp_main', 'ucp', 177, 2, 3, 'UCP_MAIN_FRONT', 'front', ''),(188, 1, 1, 'ucp_main', 'ucp', 177, 4, 5, 'UCP_MAIN_SUBSCRIBED', 'subscribed', ''),(189, 1, 1, 'ucp_main', 'ucp', 177, 6, 7, 'UCP_MAIN_BOOKMARKS', 'bookmarks', 'cfg_allow_bookmarks'),(190, 1, 1, 'ucp_main', 'ucp', 177, 8, 9, 'UCP_MAIN_DRAFTS', 'drafts', ''),(191, 1, 1, 'ucp_notifications', 'ucp', 179, 36, 37, 'UCP_NOTIFICATION_OPTIONS', 'notification_options', ''),(192, 1, 1, 'ucp_notifications', 'ucp', 177, 12, 13, 'UCP_NOTIFICATION_LIST', 'notification_list', 'cfg_allow_board_notifications'),(193, 1, 0, 'ucp_pm', 'ucp', 180, 40, 41, 'UCP_PM_VIEW', 'view', 'cfg_allow_privmsg'),(194, 1, 1, 'ucp_pm', 'ucp', 180, 42, 43, 'UCP_PM_COMPOSE', 'compose', 'cfg_allow_privmsg'),(195, 1, 1, 'ucp_pm', 'ucp', 180, 44, 45, 'UCP_PM_DRAFTS', 'drafts', 'cfg_allow_privmsg'),(196, 1, 1, 'ucp_pm', 'ucp', 180, 46, 47, 'UCP_PM_OPTIONS', 'options', 'cfg_allow_privmsg'),(197, 1, 1, 'ucp_prefs', 'ucp', 179, 30, 31, 'UCP_PREFS_PERSONAL', 'personal', ''),(198, 1, 1, 'ucp_prefs', 'ucp', 179, 32, 33, 'UCP_PREFS_POST', 'post', ''),(199, 1, 1, 'ucp_prefs', 'ucp', 179, 34, 35, 'UCP_PREFS_VIEW', 'view', ''),(200, 1, 1, 'ucp_profile', 'ucp', 178, 16, 17, 'UCP_PROFILE_PROFILE_INFO', 'profile_info', 'acl_u_chgprofileinfo'),(201, 1, 1, 'ucp_profile', 'ucp', 178, 18, 19, 'UCP_PROFILE_SIGNATURE', 'signature', 'acl_u_sig'),(202, 1, 1, 'ucp_profile', 'ucp', 178, 20, 21, 'UCP_PROFILE_AVATAR', 'avatar', 'cfg_allow_avatar'),(203, 1, 1, 'ucp_profile', 'ucp', 178, 22, 23, 'UCP_PROFILE_REG_DETAILS', 'reg_details', ''),(204, 1, 1, 'ucp_profile', 'ucp', 178, 24, 25, 'UCP_PROFILE_AUTOLOGIN_KEYS', 'autologin_keys', ''),(205, 1, 1, 'ucp_zebra', 'ucp', 182, 56, 57, 'UCP_ZEBRA_FRIENDS', 'friends', ''),(206, 1, 1, 'ucp_zebra', 'ucp', 182, 58, 59, 'UCP_ZEBRA_FOES', 'foes', ''),(207, 1, 1, '\\phpbb\\viglink\\acp\\viglink_module', 'acp', 3, 43, 44, 'ACP_VIGLINK_SETTINGS', 'settings', 'ext_phpbb/viglink && acl_a_board');

# Table: phpbb_notification_types
DROP TABLE IF EXISTS phpbb_notification_types;
CREATE TABLE `phpbb_notification_types` (
  `notification_type_id` smallint(4) unsigned NOT NULL AUTO_INCREMENT,
  `notification_type_name` varchar(255) COLLATE utf8_bin NOT NULL DEFAULT '',
  `notification_type_enabled` tinyint(1) unsigned NOT NULL DEFAULT 1,
  PRIMARY KEY (`notification_type_id`),
  UNIQUE KEY `type` (`notification_type_name`)
) ENGINE=InnoDB AUTO_INCREMENT=12 DEFAULT CHARSET=utf8 COLLATE=utf8_bin;

INSERT INTO phpbb_notification_types (notification_type_id, notification_type_name, notification_type_enabled) VALUES (1, 'notification.type.topic', 1),(2, 'notification.type.approve_topic', 1),(3, 'notification.type.quote', 1),(4, 'notification.type.bookmark', 1),(5, 'notification.type.post', 1),(6, 'notification.type.approve_post', 1),(7, 'notification.type.topic_in_queue', 1),(8, 'topic_in_queue', 1),(9, 'post_in_queue', 1),(10, 'notification.type.post_in_queue', 1),(11, 'notification.type.group_request', 1);

# Table: phpbb_notifications
DROP TABLE IF EXISTS phpbb_notifications;
CREATE TABLE `phpbb_notifications` (
  `notification_id` int(10) unsigned NOT NULL AUTO_INCREMENT,
  `notification_type_id` smallint(4) unsigned NOT NULL DEFAULT 0,
  `item_id` mediumint(8) unsigned NOT NULL DEFAULT 0,
  `item_parent_id` mediumint(8) unsigned NOT NULL DEFAULT 0,
  `user_id` int(10) unsigned NOT NULL DEFAULT 0,
  `notification_read` tinyint(1) unsigned NOT NULL DEFAULT 0,
  `notification_time` int(11) unsigned NOT NULL DEFAULT 1,
  `notification_data` text COLLATE utf8_bin NOT NULL,
  PRIMARY KEY (`notification_id`),
  KEY `item_ident` (`notification_type_id`,`item_id`),
  KEY `user` (`user_id`,`notification_read`)
) ENGINE=InnoDB AUTO_INCREMENT=3 DEFAULT CHARSET=utf8 COLLATE=utf8_bin;

INSERT INTO phpbb_notifications (notification_id, notification_type_id, item_id, item_parent_id, user_id, notification_read, notification_time, notification_data) VALUES (2, 2, 2, 77, 48, 0, 1580739335, 'a:4:{s:9:\"poster_id\";s:2:\"48\";s:11:\"topic_title\";s:8:\"Zdravooo\";s:13:\"post_username\";s:0:\"\";s:10:\"forum_name\";s:16:\"Предмети\";}');

# Table: phpbb_oauth_accounts
DROP TABLE IF EXISTS phpbb_oauth_accounts;
CREATE TABLE `phpbb_oauth_accounts` (
  `user_id` int(10) unsigned NOT NULL DEFAULT 0,
  `provider` varchar(255) COLLATE utf8_bin NOT NULL DEFAULT '',
  `oauth_provider_id` text COLLATE utf8_bin NOT NULL,
  PRIMARY KEY (`user_id`,`provider`)
) ENGINE=InnoDB DEFAULT CHARSET=utf8 COLLATE=utf8_bin;

# Table: phpbb_oauth_states
DROP TABLE IF EXISTS phpbb_oauth_states;
CREATE TABLE `phpbb_oauth_states` (
  `user_id` int(10) unsigned NOT NULL DEFAULT 0,
  `session_id` char(32) COLLATE utf8_bin NOT NULL DEFAULT '',
  `provider` varchar(255) COLLATE utf8_bin NOT NULL DEFAULT '',
  `oauth_state` varchar(255) COLLATE utf8_bin NOT NULL DEFAULT '',
  KEY `user_id` (`user_id`),
  KEY `provider` (`provider`)
) ENGINE=InnoDB DEFAULT CHARSET=utf8 COLLATE=utf8_bin;

# Table: phpbb_oauth_tokens
DROP TABLE IF EXISTS phpbb_oauth_tokens;
CREATE TABLE `phpbb_oauth_tokens` (
  `user_id` int(10) unsigned NOT NULL DEFAULT 0,
  `session_id` char(32) COLLATE utf8_bin NOT NULL DEFAULT '',
  `provider` varchar(255) COLLATE utf8_bin NOT NULL DEFAULT '',
  `oauth_token` mediumtext COLLATE utf8_bin NOT NULL,
  KEY `user_id` (`user_id`),
  KEY `provider` (`provider`)
) ENGINE=InnoDB DEFAULT CHARSET=utf8 COLLATE=utf8_bin;

# Table: phpbb_poll_options
DROP TABLE IF EXISTS phpbb_poll_options;
CREATE TABLE `phpbb_poll_options` (
  `poll_option_id` tinyint(4) NOT NULL DEFAULT 0,
  `topic_id` int(10) unsigned NOT NULL DEFAULT 0,
  `poll_option_text` text COLLATE utf8_bin NOT NULL,
  `poll_option_total` mediumint(8) unsigned NOT NULL DEFAULT 0,
  KEY `poll_opt_id` (`poll_option_id`),
  KEY `topic_id` (`topic_id`)
) ENGINE=InnoDB DEFAULT CHARSET=utf8 COLLATE=utf8_bin;

# Table: phpbb_poll_votes
DROP TABLE IF EXISTS phpbb_poll_votes;
CREATE TABLE `phpbb_poll_votes` (
  `topic_id` int(10) unsigned NOT NULL DEFAULT 0,
  `poll_option_id` tinyint(4) NOT NULL DEFAULT 0,
  `vote_user_id` int(10) unsigned NOT NULL DEFAULT 0,
  `vote_user_ip` varchar(40) COLLATE utf8_bin NOT NULL DEFAULT '',
  KEY `topic_id` (`topic_id`),
  KEY `vote_user_id` (`vote_user_id`),
  KEY `vote_user_ip` (`vote_user_ip`)
) ENGINE=InnoDB DEFAULT CHARSET=utf8 COLLATE=utf8_bin;

# Table: phpbb_posts
DROP TABLE IF EXISTS phpbb_posts;
CREATE TABLE `phpbb_posts` (
  `post_id` int(10) unsigned NOT NULL AUTO_INCREMENT,
  `topic_id` int(10) unsigned NOT NULL DEFAULT 0,
  `forum_id` mediumint(8) unsigned NOT NULL DEFAULT 0,
  `poster_id` int(10) unsigned NOT NULL DEFAULT 0,
  `icon_id` mediumint(8) unsigned NOT NULL DEFAULT 0,
  `poster_ip` varchar(40) COLLATE utf8_bin NOT NULL DEFAULT '',
  `post_time` int(11) unsigned NOT NULL DEFAULT 0,
  `post_reported` tinyint(1) unsigned NOT NULL DEFAULT 0,
  `enable_bbcode` tinyint(1) unsigned NOT NULL DEFAULT 1,
  `enable_smilies` tinyint(1) unsigned NOT NULL DEFAULT 1,
  `enable_magic_url` tinyint(1) unsigned NOT NULL DEFAULT 1,
  `enable_sig` tinyint(1) unsigned NOT NULL DEFAULT 1,
  `post_username` varchar(255) COLLATE utf8_bin NOT NULL DEFAULT '',
  `post_subject` varchar(255) CHARACTER SET utf8 COLLATE utf8_unicode_ci NOT NULL DEFAULT '',
  `post_text` mediumtext COLLATE utf8_bin NOT NULL,
  `post_checksum` varchar(32) COLLATE utf8_bin NOT NULL DEFAULT '',
  `post_attachment` tinyint(1) unsigned NOT NULL DEFAULT 0,
  `bbcode_bitfield` varchar(255) COLLATE utf8_bin NOT NULL DEFAULT '',
  `bbcode_uid` varchar(8) COLLATE utf8_bin NOT NULL DEFAULT '',
  `post_postcount` tinyint(1) unsigned NOT NULL DEFAULT 1,
  `post_edit_time` int(11) unsigned NOT NULL DEFAULT 0,
  `post_edit_reason` varchar(255) COLLATE utf8_bin NOT NULL DEFAULT '',
  `post_edit_user` int(10) unsigned NOT NULL DEFAULT 0,
  `post_edit_count` smallint(4) unsigned NOT NULL DEFAULT 0,
  `post_edit_locked` tinyint(1) unsigned NOT NULL DEFAULT 0,
  `post_visibility` tinyint(3) NOT NULL DEFAULT 0,
  `post_delete_time` int(11) unsigned NOT NULL DEFAULT 0,
  `post_delete_reason` varchar(255) COLLATE utf8_bin NOT NULL DEFAULT '',
  `post_delete_user` int(10) unsigned NOT NULL DEFAULT 0,
  PRIMARY KEY (`post_id`),
  KEY `forum_id` (`forum_id`),
  KEY `topic_id` (`topic_id`),
  KEY `poster_ip` (`poster_ip`),
  KEY `poster_id` (`poster_id`),
  KEY `tid_post_time` (`topic_id`,`post_time`),
  KEY `post_username` (`post_username`),
  KEY `post_visibility` (`post_visibility`)
) ENGINE=InnoDB AUTO_INCREMENT=11 DEFAULT CHARSET=utf8 COLLATE=utf8_bin;

INSERT INTO phpbb_posts (post_id, topic_id, forum_id, poster_id, icon_id, poster_ip, post_time, post_reported, enable_bbcode, enable_smilies, enable_magic_url, enable_sig, post_username, post_subject, post_text, post_checksum, post_attachment, bbcode_bitfield, bbcode_uid, post_postcount, post_edit_time, post_edit_reason, post_edit_user, post_edit_count, post_edit_locked, post_visibility, post_delete_time, post_delete_reason, post_delete_user) VALUES (1, 1, 2, 2, 0, '89.205.108.21', 1580733503, 0, 1, 1, 1, 1, '', 'Welcome to phpBB3', 'This is an example post in your phpBB3 installation. Everything seems to be working. You may delete this post if you like and continue to set up your board. During the installation process your first category and your first forum are assigned an appropriate set of permissions for the predefined usergroups administrators, bots, global moderators, guests, registered users and registered COPPA users. If you also choose to delete your first category and your first forum, do not forget to assign permissions for all these usergroups for all new categories and forums you create. It is recommended to rename your first category and your first forum and copy permissions from these while creating new categories and forums. Have fun!', '5dd683b17f641daf84c040bfefc58ce9', 0, '', '', 1, 0, '', 0, 0, 0, 1, 0, '', 0),(2, 2, 77, 48, 0, '89.205.102.129', 1580739000, 0, 1, 1, 1, 1, '', 'Zdravooo', '<r>Hiiii <E>:o</E>  <E>:o</E>  <E>:o</E>  <E>:o</E></r>', '6e20aa7aabd521dabeec4687e0408dc1', 0, '', '5lg7tjo', 1, 0, '', 0, 0, 0, 1, 1580739335, '', 2),(3, 2, 77, 2, 0, '89.205.108.21', 1580739531, 0, 1, 1, 1, 1, '', 'Re: Zdravooo', '<r>hej <E>:mrgreen:</E>  <E>:mrgreen:</E>  <E>:mrgreen:</E>  <E>:geek:</E></r>', '97cc52d43104d3690cfa36c1f1a24fbc', 0, '', '4yfor', 1, 0, '', 0, 0, 0, 1, 0, '', 0),(4, 3, 73, 2, 6, '::1', 1580775839, 0, 1, 1, 1, 1, '', 'Ubav faks', '<r><B><s>[b]</s><I><s>[i]</s>haha<e>[/i]</e></I><e>[/b]</e></B></r>', '7456848ca1bd5e43c57e14ae7d28a75d', 0, '', '7if9', 1, 0, '', 0, 0, 0, 1, 0, '', 0),(5, 2, 77, 2, 0, '::1', 1580777935, 0, 1, 1, 1, 1, '', 'Re: Zdravooo', '<t>test</t>', '098f6bcd4621d373cade4e832627b4f6', 0, '', '7ef2w', 1, 0, '', 0, 0, 0, 1, 0, '', 0),(6, 4, 77, 2, 1, '::1', 1580780596, 0, 1, 1, 1, 1, '', 'Test', '<r>test <E>:mrgreen:</E></r>', '74b77b32d5d7490288c11b3cd1dc490c', 0, '', '16mdj6u', 1, 0, '', 0, 0, 0, 1, 0, '', 0),(7, 4, 77, 2, 0, '::1', 1580946795, 0, 1, 1, 1, 1, '', 'Re: Test', '<t>haha</t>', '4e4d6c332b6fe62a63afe56171fd3725', 0, '', 'e0y4n2u', 1, 0, '', 0, 0, 0, 1, 0, '', 0),(8, 3, 73, 2, 5, '::1', 1580946819, 0, 1, 1, 1, 1, '', 'Re: Ubav faks', '<r><E>:ugeek:</E>  <E>:ugeek:</E>  <E>:ugeek:</E>  <E>:ugeek:</E>  <E>:ugeek:</E></r>', 'aee83fb8a9e3c7c04118d860593c4024', 0, '', '350d', 1, 0, '', 0, 0, 0, 1, 0, '', 0),(9, 2, 77, 49, 0, '::1', 1580946972, 0, 1, 1, 1, 1, '', 'Re: Zdravooo', '<t>Zdravo na site</t>', '8d931e2cee8ace74f24aa12e52bf8cec', 0, '', '164l0o8', 1, 0, '', 0, 0, 0, 1, 0, '', 0),(10, 5, 75, 49, 3, '::1', 1580947034, 0, 1, 1, 1, 1, '', 'Auff', '<r>Ima li draz<IMG src=\"https://cdn.imgbin.com/2/15/18/imgbin-pirus-bloods-watts-gang-red-others-bHYtFPC9a6KwtdZCmH1Gkimm7.jpg\"><s>[img]</s><URL url=\"https://cdn.imgbin.com/2/15/18/imgbin-pirus-bloods-watts-gang-red-others-bHYtFPC9a6KwtdZCmH1Gkimm7.jpg\"><LINK_TEXT text=\"https://cdn.imgbin.com/2/15/18/imgbin-p ... Gkimm7.jpg\">https://cdn.imgbin.com/2/15/18/imgbin-pirus-bloods-watts-gang-red-others-bHYtFPC9a6KwtdZCmH1Gkimm7.jpg</LINK_TEXT></URL><e>[/img]</e></IMG> <E>:cry:</E></r>', '503dd0b803d40263c856ec2fbe831741', 0, '', '67rwztu', 1, 0, '', 0, 0, 0, 1, 0, '', 0);

# Table: phpbb_privmsgs
DROP TABLE IF EXISTS phpbb_privmsgs;
CREATE TABLE `phpbb_privmsgs` (
  `msg_id` int(10) unsigned NOT NULL AUTO_INCREMENT,
  `root_level` mediumint(8) unsigned NOT NULL DEFAULT 0,
  `author_id` int(10) unsigned NOT NULL DEFAULT 0,
  `icon_id` mediumint(8) unsigned NOT NULL DEFAULT 0,
  `author_ip` varchar(40) COLLATE utf8_bin NOT NULL DEFAULT '',
  `message_time` int(11) unsigned NOT NULL DEFAULT 0,
  `enable_bbcode` tinyint(1) unsigned NOT NULL DEFAULT 1,
  `enable_smilies` tinyint(1) unsigned NOT NULL DEFAULT 1,
  `enable_magic_url` tinyint(1) unsigned NOT NULL DEFAULT 1,
  `enable_sig` tinyint(1) unsigned NOT NULL DEFAULT 1,
  `message_subject` varchar(255) COLLATE utf8_bin NOT NULL DEFAULT '',
  `message_text` mediumtext COLLATE utf8_bin NOT NULL,
  `message_edit_reason` varchar(255) COLLATE utf8_bin NOT NULL DEFAULT '',
  `message_edit_user` int(10) unsigned NOT NULL DEFAULT 0,
  `message_attachment` tinyint(1) unsigned NOT NULL DEFAULT 0,
  `bbcode_bitfield` varchar(255) COLLATE utf8_bin NOT NULL DEFAULT '',
  `bbcode_uid` varchar(8) COLLATE utf8_bin NOT NULL DEFAULT '',
  `message_edit_time` int(11) unsigned NOT NULL DEFAULT 0,
  `message_edit_count` smallint(4) unsigned NOT NULL DEFAULT 0,
  `to_address` text COLLATE utf8_bin NOT NULL,
  `bcc_address` text COLLATE utf8_bin NOT NULL,
  `message_reported` tinyint(1) unsigned NOT NULL DEFAULT 0,
  PRIMARY KEY (`msg_id`),
  KEY `author_ip` (`author_ip`),
  KEY `message_time` (`message_time`),
  KEY `author_id` (`author_id`),
  KEY `root_level` (`root_level`)
) ENGINE=InnoDB DEFAULT CHARSET=utf8 COLLATE=utf8_bin;

# Table: phpbb_privmsgs_folder
DROP TABLE IF EXISTS phpbb_privmsgs_folder;
CREATE TABLE `phpbb_privmsgs_folder` (
  `folder_id` mediumint(8) unsigned NOT NULL AUTO_INCREMENT,
  `user_id` int(10) unsigned NOT NULL DEFAULT 0,
  `folder_name` varchar(255) COLLATE utf8_bin NOT NULL DEFAULT '',
  `pm_count` mediumint(8) unsigned NOT NULL DEFAULT 0,
  PRIMARY KEY (`folder_id`),
  KEY `user_id` (`user_id`)
) ENGINE=InnoDB DEFAULT CHARSET=utf8 COLLATE=utf8_bin;

# Table: phpbb_privmsgs_rules
DROP TABLE IF EXISTS phpbb_privmsgs_rules;
CREATE TABLE `phpbb_privmsgs_rules` (
  `rule_id` mediumint(8) unsigned NOT NULL AUTO_INCREMENT,
  `user_id` int(10) unsigned NOT NULL DEFAULT 0,
  `rule_check` mediumint(8) unsigned NOT NULL DEFAULT 0,
  `rule_connection` mediumint(8) unsigned NOT NULL DEFAULT 0,
  `rule_string` varchar(255) COLLATE utf8_bin NOT NULL DEFAULT '',
  `rule_user_id` int(10) unsigned NOT NULL DEFAULT 0,
  `rule_group_id` mediumint(8) unsigned NOT NULL DEFAULT 0,
  `rule_action` mediumint(8) unsigned NOT NULL DEFAULT 0,
  `rule_folder_id` int(11) NOT NULL DEFAULT 0,
  PRIMARY KEY (`rule_id`),
  KEY `user_id` (`user_id`)
) ENGINE=InnoDB DEFAULT CHARSET=utf8 COLLATE=utf8_bin;

# Table: phpbb_privmsgs_to
DROP TABLE IF EXISTS phpbb_privmsgs_to;
CREATE TABLE `phpbb_privmsgs_to` (
  `msg_id` int(10) unsigned NOT NULL DEFAULT 0,
  `user_id` int(10) unsigned NOT NULL DEFAULT 0,
  `author_id` int(10) unsigned NOT NULL DEFAULT 0,
  `pm_deleted` tinyint(1) unsigned NOT NULL DEFAULT 0,
  `pm_new` tinyint(1) unsigned NOT NULL DEFAULT 1,
  `pm_unread` tinyint(1) unsigned NOT NULL DEFAULT 1,
  `pm_replied` tinyint(1) unsigned NOT NULL DEFAULT 0,
  `pm_marked` tinyint(1) unsigned NOT NULL DEFAULT 0,
  `pm_forwarded` tinyint(1) unsigned NOT NULL DEFAULT 0,
  `folder_id` int(11) NOT NULL DEFAULT 0,
  KEY `msg_id` (`msg_id`),
  KEY `author_id` (`author_id`),
  KEY `usr_flder_id` (`user_id`,`folder_id`)
) ENGINE=InnoDB DEFAULT CHARSET=utf8 COLLATE=utf8_bin;

# Table: phpbb_profile_fields
DROP TABLE IF EXISTS phpbb_profile_fields;
CREATE TABLE `phpbb_profile_fields` (
  `field_id` mediumint(8) unsigned NOT NULL AUTO_INCREMENT,
  `field_name` varchar(255) COLLATE utf8_bin NOT NULL DEFAULT '',
  `field_type` varchar(100) COLLATE utf8_bin NOT NULL DEFAULT '',
  `field_ident` varchar(20) COLLATE utf8_bin NOT NULL DEFAULT '',
  `field_length` varchar(20) COLLATE utf8_bin NOT NULL DEFAULT '',
  `field_minlen` varchar(255) COLLATE utf8_bin NOT NULL DEFAULT '',
  `field_maxlen` varchar(255) COLLATE utf8_bin NOT NULL DEFAULT '',
  `field_novalue` varchar(255) COLLATE utf8_bin NOT NULL DEFAULT '',
  `field_default_value` varchar(255) COLLATE utf8_bin NOT NULL DEFAULT '',
  `field_validation` varchar(64) COLLATE utf8_bin NOT NULL DEFAULT '',
  `field_required` tinyint(1) unsigned NOT NULL DEFAULT 0,
  `field_show_on_reg` tinyint(1) unsigned NOT NULL DEFAULT 0,
  `field_hide` tinyint(1) unsigned NOT NULL DEFAULT 0,
  `field_no_view` tinyint(1) unsigned NOT NULL DEFAULT 0,
  `field_active` tinyint(1) unsigned NOT NULL DEFAULT 0,
  `field_order` mediumint(8) unsigned NOT NULL DEFAULT 0,
  `field_show_profile` tinyint(1) unsigned NOT NULL DEFAULT 0,
  `field_show_on_vt` tinyint(1) unsigned NOT NULL DEFAULT 0,
  `field_show_novalue` tinyint(1) unsigned NOT NULL DEFAULT 0,
  `field_show_on_pm` tinyint(1) unsigned NOT NULL DEFAULT 0,
  `field_show_on_ml` tinyint(1) unsigned NOT NULL DEFAULT 0,
  `field_is_contact` tinyint(1) unsigned NOT NULL DEFAULT 0,
  `field_contact_desc` varchar(255) COLLATE utf8_bin NOT NULL DEFAULT '',
  `field_contact_url` varchar(255) COLLATE utf8_bin NOT NULL DEFAULT '',
  PRIMARY KEY (`field_id`),
  KEY `fld_type` (`field_type`),
  KEY `fld_ordr` (`field_order`)
) ENGINE=InnoDB AUTO_INCREMENT=13 DEFAULT CHARSET=utf8 COLLATE=utf8_bin;

INSERT INTO phpbb_profile_fields (field_id, field_name, field_type, field_ident, field_length, field_minlen, field_maxlen, field_novalue, field_default_value, field_validation, field_required, field_show_on_reg, field_hide, field_no_view, field_active, field_order, field_show_profile, field_show_on_vt, field_show_novalue, field_show_on_pm, field_show_on_ml, field_is_contact, field_contact_desc, field_contact_url) VALUES (1, 'phpbb_location', 'profilefields.type.string', 'phpbb_location', '20', '2', '100', '', '', '.*', 0, 0, 0, 0, 1, 1, 1, 1, 0, 1, 1, 0, '', ''),(2, 'phpbb_website', 'profilefields.type.url', 'phpbb_website', '40', '12', '255', '', '', '', 0, 0, 0, 0, 1, 2, 1, 1, 0, 1, 1, 1, 'VISIT_WEBSITE', '%s'),(3, 'phpbb_interests', 'profilefields.type.text', 'phpbb_interests', '3|30', '2', '500', '', '', '.*', 0, 0, 0, 0, 0, 3, 1, 0, 0, 0, 0, 0, '', ''),(4, 'phpbb_occupation', 'profilefields.type.text', 'phpbb_occupation', '3|30', '2', '500', '', '', '.*', 0, 0, 0, 0, 0, 4, 1, 0, 0, 0, 0, 0, '', ''),(5, 'phpbb_aol', 'profilefields.type.string', 'phpbb_aol', '40', '5', '255', '', '', '.*', 0, 0, 0, 0, 0, 5, 1, 1, 0, 1, 1, 1, '', ''),(6, 'phpbb_icq', 'profilefields.type.string', 'phpbb_icq', '20', '3', '15', '', '', '[0-9]+', 0, 0, 0, 0, 0, 6, 1, 1, 0, 1, 1, 1, 'SEND_ICQ_MESSAGE', 'https://www.icq.com/people/%s/'),(7, 'phpbb_yahoo', 'profilefields.type.string', 'phpbb_yahoo', '40', '5', '255', '', '', '.*', 0, 0, 0, 0, 0, 8, 1, 1, 0, 1, 1, 1, 'SEND_YIM_MESSAGE', 'ymsgr:sendim?%s'),(8, 'phpbb_facebook', 'profilefields.type.string', 'phpbb_facebook', '20', '5', '50', '', '', '[\\w.]+', 0, 0, 0, 0, 1, 9, 1, 1, 0, 1, 1, 1, 'VIEW_FACEBOOK_PROFILE', 'http://facebook.com/%s/'),(9, 'phpbb_twitter', 'profilefields.type.string', 'phpbb_twitter', '20', '1', '15', '', '', '[\\w_]+', 0, 0, 0, 0, 1, 10, 1, 1, 0, 1, 1, 1, 'VIEW_TWITTER_PROFILE', 'http://twitter.com/%s'),(10, 'phpbb_skype', 'profilefields.type.string', 'phpbb_skype', '20', '6', '32', '', '', '[a-zA-Z][\\w\\.,\\-_]+', 0, 0, 0, 0, 1, 11, 1, 1, 0, 1, 1, 1, 'VIEW_SKYPE_PROFILE', 'skype:%s?userinfo'),(11, 'phpbb_youtube', 'profilefields.type.string', 'phpbb_youtube', '20', '3', '60', '', '', '[a-zA-Z][\\w\\.,\\-_]+', 0, 0, 0, 0, 1, 12, 1, 1, 0, 1, 1, 1, 'VIEW_YOUTUBE_CHANNEL', 'http://youtube.com/user/%s'),(12, 'phpbb_googleplus', 'profilefields.type.googleplus', 'phpbb_googleplus', '20', '3', '255', '', '', '[\\w]+', 0, 0, 0, 0, 1, 13, 1, 1, 0, 1, 1, 1, 'VIEW_GOOGLEPLUS_PROFILE', 'http://plus.google.com/%s');

# Table: phpbb_profile_fields_data
DROP TABLE IF EXISTS phpbb_profile_fields_data;
CREATE TABLE `phpbb_profile_fields_data` (
  `user_id` int(10) unsigned NOT NULL DEFAULT 0,
  `pf_phpbb_interests` mediumtext COLLATE utf8_bin NOT NULL,
  `pf_phpbb_occupation` mediumtext COLLATE utf8_bin NOT NULL,
  `pf_phpbb_location` varchar(255) COLLATE utf8_bin NOT NULL DEFAULT '',
  `pf_phpbb_youtube` varchar(255) COLLATE utf8_bin NOT NULL DEFAULT '',
  `pf_phpbb_facebook` varchar(255) COLLATE utf8_bin NOT NULL DEFAULT '',
  `pf_phpbb_icq` varchar(255) COLLATE utf8_bin NOT NULL DEFAULT '',
  `pf_phpbb_skype` varchar(255) COLLATE utf8_bin NOT NULL DEFAULT '',
  `pf_phpbb_twitter` varchar(255) COLLATE utf8_bin NOT NULL DEFAULT '',
  `pf_phpbb_googleplus` varchar(255) COLLATE utf8_bin NOT NULL DEFAULT '',
  `pf_phpbb_website` varchar(255) COLLATE utf8_bin NOT NULL DEFAULT '',
  `pf_phpbb_yahoo` varchar(255) COLLATE utf8_bin NOT NULL DEFAULT '',
  `pf_phpbb_aol` varchar(255) COLLATE utf8_bin NOT NULL DEFAULT '',
  PRIMARY KEY (`user_id`)
) ENGINE=InnoDB DEFAULT CHARSET=utf8 COLLATE=utf8_bin;

# Table: phpbb_profile_fields_lang
DROP TABLE IF EXISTS phpbb_profile_fields_lang;
CREATE TABLE `phpbb_profile_fields_lang` (
  `field_id` mediumint(8) unsigned NOT NULL DEFAULT 0,
  `lang_id` mediumint(8) unsigned NOT NULL DEFAULT 0,
  `option_id` mediumint(8) unsigned NOT NULL DEFAULT 0,
  `field_type` varchar(100) COLLATE utf8_bin NOT NULL DEFAULT '',
  `lang_value` varchar(255) COLLATE utf8_bin NOT NULL DEFAULT '',
  PRIMARY KEY (`field_id`,`lang_id`,`option_id`)
) ENGINE=InnoDB DEFAULT CHARSET=utf8 COLLATE=utf8_bin;

# Table: phpbb_profile_lang
DROP TABLE IF EXISTS phpbb_profile_lang;
CREATE TABLE `phpbb_profile_lang` (
  `field_id` mediumint(8) unsigned NOT NULL DEFAULT 0,
  `lang_id` mediumint(8) unsigned NOT NULL DEFAULT 0,
  `lang_name` varchar(255) COLLATE utf8_bin NOT NULL DEFAULT '',
  `lang_explain` text COLLATE utf8_bin NOT NULL,
  `lang_default_value` varchar(255) COLLATE utf8_bin NOT NULL DEFAULT '',
  PRIMARY KEY (`field_id`,`lang_id`)
) ENGINE=InnoDB DEFAULT CHARSET=utf8 COLLATE=utf8_bin;

INSERT INTO phpbb_profile_lang (field_id, lang_id, lang_name, lang_explain, lang_default_value) VALUES (1, 1, 'LOCATION', '', ''),(1, 2, 'LOCATION', '', ''),(2, 1, 'WEBSITE', '', ''),(2, 2, 'WEBSITE', '', ''),(3, 1, 'INTERESTS', '', ''),(3, 2, 'INTERESTS', '', ''),(4, 1, 'OCCUPATION', '', ''),(4, 2, 'OCCUPATION', '', ''),(5, 1, 'AOL', '', ''),(5, 2, 'AOL', '', ''),(6, 1, 'ICQ', '', ''),(6, 2, 'ICQ', '', ''),(7, 1, 'YAHOO', '', ''),(7, 2, 'YAHOO', '', ''),(8, 1, 'FACEBOOK', '', ''),(8, 2, 'FACEBOOK', '', ''),(9, 1, 'TWITTER', '', ''),(9, 2, 'TWITTER', '', ''),(10, 1, 'SKYPE', '', ''),(10, 2, 'SKYPE', '', ''),(11, 1, 'YOUTUBE', '', ''),(11, 2, 'YOUTUBE', '', ''),(12, 1, 'GOOGLEPLUS', '', ''),(12, 2, 'GOOGLEPLUS', '', '');

# Table: phpbb_ranks
DROP TABLE IF EXISTS phpbb_ranks;
CREATE TABLE `phpbb_ranks` (
  `rank_id` mediumint(8) unsigned NOT NULL AUTO_INCREMENT,
  `rank_title` varchar(255) COLLATE utf8_bin NOT NULL DEFAULT '',
  `rank_min` mediumint(8) unsigned NOT NULL DEFAULT 0,
  `rank_special` tinyint(1) unsigned NOT NULL DEFAULT 0,
  `rank_image` varchar(255) COLLATE utf8_bin NOT NULL DEFAULT '',
  PRIMARY KEY (`rank_id`)
) ENGINE=InnoDB AUTO_INCREMENT=2 DEFAULT CHARSET=utf8 COLLATE=utf8_bin;

INSERT INTO phpbb_ranks (rank_id, rank_title, rank_min, rank_special, rank_image) VALUES (1, 'Site Admin', 0, 1, '');

# Table: phpbb_reports
DROP TABLE IF EXISTS phpbb_reports;
CREATE TABLE `phpbb_reports` (
  `report_id` int(10) unsigned NOT NULL AUTO_INCREMENT,
  `reason_id` smallint(4) unsigned NOT NULL DEFAULT 0,
  `post_id` int(10) unsigned NOT NULL DEFAULT 0,
  `user_id` int(10) unsigned NOT NULL DEFAULT 0,
  `user_notify` tinyint(1) unsigned NOT NULL DEFAULT 0,
  `report_closed` tinyint(1) unsigned NOT NULL DEFAULT 0,
  `report_time` int(11) unsigned NOT NULL DEFAULT 0,
  `report_text` mediumtext COLLATE utf8_bin NOT NULL,
  `pm_id` int(10) unsigned NOT NULL DEFAULT 0,
  `reported_post_enable_bbcode` tinyint(1) unsigned NOT NULL DEFAULT 1,
  `reported_post_enable_smilies` tinyint(1) unsigned NOT NULL DEFAULT 1,
  `reported_post_enable_magic_url` tinyint(1) unsigned NOT NULL DEFAULT 1,
  `reported_post_text` mediumtext COLLATE utf8_bin NOT NULL,
  `reported_post_uid` varchar(8) COLLATE utf8_bin NOT NULL DEFAULT '',
  `reported_post_bitfield` varchar(255) COLLATE utf8_bin NOT NULL DEFAULT '',
  PRIMARY KEY (`report_id`),
  KEY `post_id` (`post_id`),
  KEY `pm_id` (`pm_id`)
) ENGINE=InnoDB DEFAULT CHARSET=utf8 COLLATE=utf8_bin;

# Table: phpbb_reports_reasons
DROP TABLE IF EXISTS phpbb_reports_reasons;
CREATE TABLE `phpbb_reports_reasons` (
  `reason_id` smallint(4) unsigned NOT NULL AUTO_INCREMENT,
  `reason_title` varchar(255) COLLATE utf8_bin NOT NULL DEFAULT '',
  `reason_description` mediumtext COLLATE utf8_bin NOT NULL,
  `reason_order` smallint(4) unsigned NOT NULL DEFAULT 0,
  PRIMARY KEY (`reason_id`)
) ENGINE=InnoDB AUTO_INCREMENT=5 DEFAULT CHARSET=utf8 COLLATE=utf8_bin;

INSERT INTO phpbb_reports_reasons (reason_id, reason_title, reason_description, reason_order) VALUES (1, 'warez', 'The post contains links to illegal or pirated software.', 1),(2, 'spam', 'The reported post has the only purpose to advertise for a website or another product.', 2),(3, 'off_topic', 'The reported post is off topic.', 3),(4, 'other', 'The reported post does not fit into any other category, please use the further information field.', 4);

# Table: phpbb_search_results
DROP TABLE IF EXISTS phpbb_search_results;
CREATE TABLE `phpbb_search_results` (
  `search_key` varchar(32) COLLATE utf8_bin NOT NULL DEFAULT '',
  `search_time` int(11) unsigned NOT NULL DEFAULT 0,
  `search_keywords` mediumtext COLLATE utf8_bin NOT NULL,
  `search_authors` mediumtext COLLATE utf8_bin NOT NULL,
  PRIMARY KEY (`search_key`)
) ENGINE=InnoDB DEFAULT CHARSET=utf8 COLLATE=utf8_bin;

# Table: phpbb_search_wordlist
DROP TABLE IF EXISTS phpbb_search_wordlist;
CREATE TABLE `phpbb_search_wordlist` (
  `word_id` int(10) unsigned NOT NULL AUTO_INCREMENT,
  `word_text` varchar(255) COLLATE utf8_bin NOT NULL DEFAULT '',
  `word_common` tinyint(1) unsigned NOT NULL DEFAULT 0,
  `word_count` mediumint(8) unsigned NOT NULL DEFAULT 0,
  PRIMARY KEY (`word_id`),
  UNIQUE KEY `wrd_txt` (`word_text`),
  KEY `wrd_cnt` (`word_count`)
) ENGINE=InnoDB AUTO_INCREMENT=106 DEFAULT CHARSET=utf8 COLLATE=utf8_bin;

INSERT INTO phpbb_search_wordlist (word_id, word_text, word_common, word_count) VALUES (1, 'this', 0, 1),(2, 'is', 0, 1),(3, 'an', 0, 1),(4, 'example', 0, 1),(5, 'post', 0, 1),(6, 'in', 0, 1),(7, 'your', 0, 1),(8, 'phpbb3', 0, 2),(9, 'installation', 0, 1),(10, 'everything', 0, 1),(11, 'seems', 0, 1),(12, 'to', 0, 2),(13, 'be', 0, 1),(14, 'working', 0, 1),(15, 'you', 0, 1),(16, 'may', 0, 1),(17, 'delete', 0, 1),(18, 'if', 0, 1),(19, 'like', 0, 1),(20, 'and', 0, 1),(21, 'continue', 0, 1),(22, 'set', 0, 1),(23, 'up', 0, 1),(24, 'board', 0, 1),(25, 'during', 0, 1),(26, 'the', 0, 1),(27, 'process', 0, 1),(28, 'first', 0, 1),(29, 'category', 0, 1),(30, 'forum', 0, 1),(31, 'are', 0, 1),(32, 'assigned', 0, 1),(33, 'appropriate', 0, 1),(34, 'of', 0, 1),(35, 'permissions', 0, 1),(36, 'for', 0, 1),(37, 'predefined', 0, 1),(38, 'usergroups', 0, 1),(39, 'administrators', 0, 1),(40, 'bots', 0, 1),(41, 'global', 0, 1),(42, 'moderators', 0, 1),(43, 'guests', 0, 1),(44, 'registered', 0, 1),(45, 'users', 0, 1),(46, 'coppa', 0, 1),(47, 'also', 0, 1),(48, 'choose', 0, 1),(49, 'do', 0, 1),(50, 'not', 0, 1),(51, 'forget', 0, 1),(52, 'assign', 0, 1),(53, 'all', 0, 1),(54, 'these', 0, 1),(55, 'new', 0, 1),(56, 'categories', 0, 1),(57, 'forums', 0, 1),(58, 'create', 0, 1),(59, 'it', 0, 1),(60, 'recommended', 0, 1),(61, 'rename', 0, 1),(62, 'copy', 0, 1),(63, 'from', 0, 1),(64, 'while', 0, 1),(65, 'creating', 0, 1),(66, 'have', 0, 1),(67, 'fun', 0, 1),(68, 'welcome', 0, 1),(69, 'hiiii', 0, 1),(70, 'zdravooo', 0, 4),(71, 'hej', 0, 1),(72, 'mrgreen', 0, 2),(73, 'geek', 0, 1),(74, 'haha', 0, 2),(75, 'http', 0, 0),(76, 'localhost', 0, 0),(77, 'student', 0, 0),(78, 'images', 0, 0),(79, 'icons', 0, 0),(80, 'misc', 0, 0),(81, 'radioactive', 0, 0),(82, 'gif', 0, 0),(83, 'ubav', 0, 2),(84, 'faks', 0, 2),(85, 'test', 0, 4),(86, 'ugeek', 0, 1),(87, 'zdravo', 0, 1),(88, 'site', 0, 1),(89, 'ima', 0, 1),(90, 'draz', 0, 1),(91, 'img', 0, 1),(92, 'https', 0, 1),(93, 'cdn', 0, 1),(94, 'imgbin', 0, 1),(95, 'com', 0, 1),(96, 'pirus', 0, 1),(97, 'bloods', 0, 1),(98, 'watts', 0, 1),(99, 'gang', 0, 1),(100, 'red', 0, 1),(101, 'others', 0, 1),(102, 'bhytfpc9a6kwtdzcmh1gkimm7', 0, 1),(103, 'jpg', 0, 1),(104, 'cry', 0, 1),(105, 'auff', 0, 1);

# Table: phpbb_search_wordmatch
DROP TABLE IF EXISTS phpbb_search_wordmatch;
CREATE TABLE `phpbb_search_wordmatch` (
  `post_id` int(10) unsigned NOT NULL DEFAULT 0,
  `word_id` int(10) unsigned NOT NULL DEFAULT 0,
  `title_match` tinyint(1) unsigned NOT NULL DEFAULT 0,
  UNIQUE KEY `un_mtch` (`word_id`,`post_id`,`title_match`),
  KEY `word_id` (`word_id`),
  KEY `post_id` (`post_id`)
) ENGINE=InnoDB DEFAULT CHARSET=utf8 COLLATE=utf8_bin;

INSERT INTO phpbb_search_wordmatch (post_id, word_id, title_match) VALUES (1, 1, 0),(1, 2, 0),(1, 3, 0),(1, 4, 0),(1, 5, 0),(1, 6, 0),(1, 7, 0),(1, 8, 0),(1, 8, 1),(1, 9, 0),(1, 10, 0),(1, 11, 0),(1, 12, 0),(1, 12, 1),(1, 13, 0),(1, 14, 0),(1, 15, 0),(1, 16, 0),(1, 17, 0),(1, 18, 0),(1, 19, 0),(1, 20, 0),(1, 21, 0),(1, 22, 0),(1, 23, 0),(1, 24, 0),(1, 25, 0),(1, 26, 0),(1, 27, 0),(1, 28, 0),(1, 29, 0),(1, 30, 0),(1, 31, 0),(1, 32, 0),(1, 33, 0),(1, 34, 0),(1, 35, 0),(1, 36, 0),(1, 37, 0),(1, 38, 0),(1, 39, 0),(1, 40, 0),(1, 41, 0),(1, 42, 0),(1, 43, 0),(1, 44, 0),(1, 45, 0),(1, 46, 0),(1, 47, 0),(1, 48, 0),(1, 49, 0),(1, 50, 0),(1, 51, 0),(1, 52, 0),(1, 53, 0),(1, 54, 0),(1, 55, 0),(1, 56, 0),(1, 57, 0),(1, 58, 0),(1, 59, 0),(1, 60, 0),(1, 61, 0),(1, 62, 0),(1, 63, 0),(1, 64, 0),(1, 65, 0),(1, 66, 0),(1, 67, 0),(1, 68, 1),(2, 69, 0),(2, 70, 1),(3, 70, 1),(5, 70, 1),(9, 70, 1),(3, 71, 0),(3, 72, 0),(6, 72, 0),(3, 73, 0),(4, 74, 0),(7, 74, 0),(4, 83, 1),(8, 83, 1),(4, 84, 1),(8, 84, 1),(5, 85, 0),(6, 85, 0),(6, 85, 1),(7, 85, 1),(8, 86, 0),(9, 87, 0),(9, 88, 0),(10, 89, 0),(10, 90, 0),(10, 91, 0),(10, 92, 0),(10, 93, 0),(10, 94, 0),(10, 95, 0),(10, 96, 0),(10, 97, 0),(10, 98, 0),(10, 99, 0),(10, 100, 0),(10, 101, 0),(10, 102, 0),(10, 103, 0),(10, 104, 0),(10, 105, 1);

# Table: phpbb_sessions
DROP TABLE IF EXISTS phpbb_sessions;
CREATE TABLE `phpbb_sessions` (
  `session_id` char(32) COLLATE utf8_bin NOT NULL DEFAULT '',
  `session_user_id` int(10) unsigned NOT NULL DEFAULT 0,
  `session_last_visit` int(11) unsigned NOT NULL DEFAULT 0,
  `session_start` int(11) unsigned NOT NULL DEFAULT 0,
  `session_time` int(11) unsigned NOT NULL DEFAULT 0,
  `session_ip` varchar(40) COLLATE utf8_bin NOT NULL DEFAULT '',
  `session_browser` varchar(150) COLLATE utf8_bin NOT NULL DEFAULT '',
  `session_forwarded_for` varchar(255) COLLATE utf8_bin NOT NULL DEFAULT '',
  `session_page` varchar(255) COLLATE utf8_bin NOT NULL DEFAULT '',
  `session_viewonline` tinyint(1) unsigned NOT NULL DEFAULT 1,
  `session_autologin` tinyint(1) unsigned NOT NULL DEFAULT 0,
  `session_admin` tinyint(1) unsigned NOT NULL DEFAULT 0,
  `session_forum_id` mediumint(8) unsigned NOT NULL DEFAULT 0,
  PRIMARY KEY (`session_id`),
  KEY `session_time` (`session_time`),
  KEY `session_user_id` (`session_user_id`),
  KEY `session_fid` (`session_forum_id`)
) ENGINE=InnoDB DEFAULT CHARSET=utf8 COLLATE=utf8_bin;

INSERT INTO phpbb_sessions (session_id, session_user_id, session_last_visit, session_start, session_time, session_ip, session_browser, session_forwarded_for, session_page, session_viewonline, session_autologin, session_admin, session_forum_id) VALUES ('15413e35243b226f051dcdea60742055', 2, 1580946853, 1581280150, 1581280566, '::1', 'Mozilla/5.0 (Windows NT 10.0; Win64; x64) AppleWebKit/537.36 (KHTML, like Gecko) Chrome/80.0.3987.87 Safari/537.36', '', 'index.php', 1, 0, 0, 0),('8c6b20d0bc38cf653f435ce075c8b4fd', 2, 1580946853, 1581280869, 1581281497, '::1', 'Mozilla/5.0 (Windows NT 10.0; Win64; x64) AppleWebKit/537.36 (KHTML, like Gecko) Chrome/80.0.3987.87 Safari/537.36', '', 'adm/index.php?i=acp_database&mode=backup', 1, 0, 1, 0),('abc125fb6125370beb127dae4feae3d0', 1, 1581280621, 1581280621, 1581280638, '::1', 'Mozilla/5.0 (Windows NT 10.0; Win64; x64) AppleWebKit/537.36 (KHTML, like Gecko) Chrome/80.0.3987.87 Safari/537.36', '', 'index.php', 1, 0, 0, 0),('b775415facf0e830ab61a53d92b6b0e7', 2, 1580946853, 1581279533, 1581280216, '::1', 'Mozilla/5.0 (Windows NT 10.0; Win64; x64) AppleWebKit/537.36 (KHTML, like Gecko) Chrome/80.0.3987.87 Safari/537.36', '', 'adm/index.php?i=6', 1, 0, 1, 0),('be4f6d85cfbe7b154e7f5bb8427cf630', 2, 1580946853, 1581277776, 1581279279, '::1', 'Mozilla/5.0 (Windows NT 10.0; Win64; x64) AppleWebKit/537.36 (KHTML, like Gecko) Chrome/80.0.3987.87 Safari/537.36', '', 'adm/index.php?i=acp_permissions&mode=setting_forum_copy', 1, 0, 1, 0);

# Table: phpbb_sessions_keys
DROP TABLE IF EXISTS phpbb_sessions_keys;
CREATE TABLE `phpbb_sessions_keys` (
  `key_id` char(32) COLLATE utf8_bin NOT NULL DEFAULT '',
  `user_id` int(10) unsigned NOT NULL DEFAULT 0,
  `last_ip` varchar(40) COLLATE utf8_bin NOT NULL DEFAULT '',
  `last_login` int(11) unsigned NOT NULL DEFAULT 0,
  PRIMARY KEY (`key_id`,`user_id`),
  KEY `last_login` (`last_login`)
) ENGINE=InnoDB DEFAULT CHARSET=utf8 COLLATE=utf8_bin;

# Table: phpbb_sitelist
DROP TABLE IF EXISTS phpbb_sitelist;
CREATE TABLE `phpbb_sitelist` (
  `site_id` mediumint(8) unsigned NOT NULL AUTO_INCREMENT,
  `site_ip` varchar(40) COLLATE utf8_bin NOT NULL DEFAULT '',
  `site_hostname` varchar(255) COLLATE utf8_bin NOT NULL DEFAULT '',
  `ip_exclude` tinyint(1) unsigned NOT NULL DEFAULT 0,
  PRIMARY KEY (`site_id`)
) ENGINE=InnoDB DEFAULT CHARSET=utf8 COLLATE=utf8_bin;

# Table: phpbb_smilies
DROP TABLE IF EXISTS phpbb_smilies;
CREATE TABLE `phpbb_smilies` (
  `smiley_id` mediumint(8) unsigned NOT NULL AUTO_INCREMENT,
  `code` varchar(50) COLLATE utf8_bin NOT NULL DEFAULT '',
  `emotion` varchar(255) COLLATE utf8_bin NOT NULL DEFAULT '',
  `smiley_url` varchar(50) COLLATE utf8_bin NOT NULL DEFAULT '',
  `smiley_width` smallint(4) unsigned NOT NULL DEFAULT 0,
  `smiley_height` smallint(4) unsigned NOT NULL DEFAULT 0,
  `smiley_order` mediumint(8) unsigned NOT NULL DEFAULT 0,
  `display_on_posting` tinyint(1) unsigned NOT NULL DEFAULT 1,
  PRIMARY KEY (`smiley_id`),
  KEY `display_on_post` (`display_on_posting`)
) ENGINE=InnoDB AUTO_INCREMENT=43 DEFAULT CHARSET=utf8 COLLATE=utf8_bin;

INSERT INTO phpbb_smilies (smiley_id, code, emotion, smiley_url, smiley_width, smiley_height, smiley_order, display_on_posting) VALUES (1, ':D', 'Very Happy', 'icon_e_biggrin.gif', 15, 17, 1, 1),(2, ':-D', 'Very Happy', 'icon_e_biggrin.gif', 15, 17, 2, 1),(3, ':grin:', 'Very Happy', 'icon_e_biggrin.gif', 15, 17, 3, 1),(4, ':)', 'Smile', 'icon_e_smile.gif', 15, 17, 4, 1),(5, ':-)', 'Smile', 'icon_e_smile.gif', 15, 17, 5, 1),(6, ':smile:', 'Smile', 'icon_e_smile.gif', 15, 17, 6, 1),(7, ';)', 'Wink', 'icon_e_wink.gif', 15, 17, 7, 1),(8, ';-)', 'Wink', 'icon_e_wink.gif', 15, 17, 8, 1),(9, ':wink:', 'Wink', 'icon_e_wink.gif', 15, 17, 9, 1),(10, ':(', 'Sad', 'icon_e_sad.gif', 15, 17, 10, 1),(11, ':-(', 'Sad', 'icon_e_sad.gif', 15, 17, 11, 1),(12, ':sad:', 'Sad', 'icon_e_sad.gif', 15, 17, 12, 1),(13, ':o', 'Surprised', 'icon_e_surprised.gif', 15, 17, 13, 1),(14, ':-o', 'Surprised', 'icon_e_surprised.gif', 15, 17, 14, 1),(15, ':eek:', 'Surprised', 'icon_e_surprised.gif', 15, 17, 15, 1),(16, ':shock:', 'Shocked', 'icon_eek.gif', 15, 17, 16, 1),(17, ':?', 'Confused', 'icon_e_confused.gif', 15, 17, 17, 1),(18, ':-?', 'Confused', 'icon_e_confused.gif', 15, 17, 18, 1),(19, ':???:', 'Confused', 'icon_e_confused.gif', 15, 17, 19, 1),(20, '8-)', 'Cool', 'icon_cool.gif', 15, 17, 20, 1),(21, ':cool:', 'Cool', 'icon_cool.gif', 15, 17, 21, 1),(22, ':lol:', 'Laughing', 'icon_lol.gif', 15, 17, 22, 1),(23, ':x', 'Mad', 'icon_mad.gif', 15, 17, 23, 1),(24, ':-x', 'Mad', 'icon_mad.gif', 15, 17, 24, 1),(25, ':mad:', 'Mad', 'icon_mad.gif', 15, 17, 25, 1),(26, ':P', 'Razz', 'icon_razz.gif', 15, 17, 26, 1),(27, ':-P', 'Razz', 'icon_razz.gif', 15, 17, 27, 1),(28, ':razz:', 'Razz', 'icon_razz.gif', 15, 17, 28, 1),(29, ':oops:', 'Embarrassed', 'icon_redface.gif', 15, 17, 29, 1),(30, ':cry:', 'Crying or Very Sad', 'icon_cry.gif', 15, 17, 30, 1),(31, ':evil:', 'Evil or Very Mad', 'icon_evil.gif', 15, 17, 31, 1),(32, ':twisted:', 'Twisted Evil', 'icon_twisted.gif', 15, 17, 32, 1),(33, ':roll:', 'Rolling Eyes', 'icon_rolleyes.gif', 15, 17, 33, 1),(34, ':!:', 'Exclamation', 'icon_exclaim.gif', 15, 17, 34, 1),(35, ':?:', 'Question', 'icon_question.gif', 15, 17, 35, 1),(36, ':idea:', 'Idea', 'icon_idea.gif', 15, 17, 36, 1),(37, ':arrow:', 'Arrow', 'icon_arrow.gif', 15, 17, 37, 1),(38, ':|', 'Neutral', 'icon_neutral.gif', 15, 17, 38, 1),(39, ':-|', 'Neutral', 'icon_neutral.gif', 15, 17, 39, 1),(40, ':mrgreen:', 'Mr. Green', 'icon_mrgreen.gif', 15, 17, 40, 1),(41, ':geek:', 'Geek', 'icon_e_geek.gif', 17, 17, 41, 1),(42, ':ugeek:', 'Uber Geek', 'icon_e_ugeek.gif', 17, 18, 42, 1);

# Table: phpbb_styles
DROP TABLE IF EXISTS phpbb_styles;
CREATE TABLE `phpbb_styles` (
  `style_id` mediumint(8) unsigned NOT NULL AUTO_INCREMENT,
  `style_name` varchar(255) COLLATE utf8_bin NOT NULL DEFAULT '',
  `style_copyright` varchar(255) COLLATE utf8_bin NOT NULL DEFAULT '',
  `style_active` tinyint(1) unsigned NOT NULL DEFAULT 1,
  `style_path` varchar(100) COLLATE utf8_bin NOT NULL DEFAULT '',
  `bbcode_bitfield` varchar(255) COLLATE utf8_bin NOT NULL DEFAULT 'kNg=',
  `style_parent_id` int(4) unsigned NOT NULL DEFAULT 0,
  `style_parent_tree` text COLLATE utf8_bin NOT NULL,
  PRIMARY KEY (`style_id`),
  UNIQUE KEY `style_name` (`style_name`)
) ENGINE=InnoDB AUTO_INCREMENT=2 DEFAULT CHARSET=utf8 COLLATE=utf8_bin;

INSERT INTO phpbb_styles (style_id, style_name, style_copyright, style_active, style_path, bbcode_bitfield, style_parent_id, style_parent_tree) VALUES (1, 'prosilver', '&copy; phpBB Limited', 1, 'prosilver', '//g=', 0, '');

# Table: phpbb_teampage
DROP TABLE IF EXISTS phpbb_teampage;
CREATE TABLE `phpbb_teampage` (
  `teampage_id` mediumint(8) unsigned NOT NULL AUTO_INCREMENT,
  `group_id` mediumint(8) unsigned NOT NULL DEFAULT 0,
  `teampage_name` varchar(255) COLLATE utf8_bin NOT NULL DEFAULT '',
  `teampage_position` mediumint(8) unsigned NOT NULL DEFAULT 0,
  `teampage_parent` mediumint(8) unsigned NOT NULL DEFAULT 0,
  PRIMARY KEY (`teampage_id`)
) ENGINE=InnoDB AUTO_INCREMENT=3 DEFAULT CHARSET=utf8 COLLATE=utf8_bin;

INSERT INTO phpbb_teampage (teampage_id, group_id, teampage_name, teampage_position, teampage_parent) VALUES (1, 5, '', 1, 0),(2, 4, '', 2, 0);

# Table: phpbb_topics
DROP TABLE IF EXISTS phpbb_topics;
CREATE TABLE `phpbb_topics` (
  `topic_id` int(10) unsigned NOT NULL AUTO_INCREMENT,
  `forum_id` mediumint(8) unsigned NOT NULL DEFAULT 0,
  `icon_id` mediumint(8) unsigned NOT NULL DEFAULT 0,
  `topic_attachment` tinyint(1) unsigned NOT NULL DEFAULT 0,
  `topic_reported` tinyint(1) unsigned NOT NULL DEFAULT 0,
  `topic_title` varchar(255) CHARACTER SET utf8 COLLATE utf8_unicode_ci NOT NULL DEFAULT '',
  `topic_poster` int(10) unsigned NOT NULL DEFAULT 0,
  `topic_time` int(11) unsigned NOT NULL DEFAULT 0,
  `topic_time_limit` int(11) unsigned NOT NULL DEFAULT 0,
  `topic_views` mediumint(8) unsigned NOT NULL DEFAULT 0,
  `topic_status` tinyint(3) NOT NULL DEFAULT 0,
  `topic_type` tinyint(3) NOT NULL DEFAULT 0,
  `topic_first_post_id` int(10) unsigned NOT NULL DEFAULT 0,
  `topic_first_poster_name` varchar(255) CHARACTER SET utf8 COLLATE utf8_unicode_ci NOT NULL DEFAULT '',
  `topic_first_poster_colour` varchar(6) COLLATE utf8_bin NOT NULL DEFAULT '',
  `topic_last_post_id` int(10) unsigned NOT NULL DEFAULT 0,
  `topic_last_poster_id` int(10) unsigned NOT NULL DEFAULT 0,
  `topic_last_poster_name` varchar(255) COLLATE utf8_bin NOT NULL DEFAULT '',
  `topic_last_poster_colour` varchar(6) COLLATE utf8_bin NOT NULL DEFAULT '',
  `topic_last_post_subject` varchar(255) COLLATE utf8_bin NOT NULL DEFAULT '',
  `topic_last_post_time` int(11) unsigned NOT NULL DEFAULT 0,
  `topic_last_view_time` int(11) unsigned NOT NULL DEFAULT 0,
  `topic_moved_id` int(10) unsigned NOT NULL DEFAULT 0,
  `topic_bumped` tinyint(1) unsigned NOT NULL DEFAULT 0,
  `topic_bumper` mediumint(8) unsigned NOT NULL DEFAULT 0,
  `poll_title` varchar(255) COLLATE utf8_bin NOT NULL DEFAULT '',
  `poll_start` int(11) unsigned NOT NULL DEFAULT 0,
  `poll_length` int(11) unsigned NOT NULL DEFAULT 0,
  `poll_max_options` tinyint(4) NOT NULL DEFAULT 1,
  `poll_last_vote` int(11) unsigned NOT NULL DEFAULT 0,
  `poll_vote_change` tinyint(1) unsigned NOT NULL DEFAULT 0,
  `topic_visibility` tinyint(3) NOT NULL DEFAULT 0,
  `topic_delete_time` int(11) unsigned NOT NULL DEFAULT 0,
  `topic_delete_reason` varchar(255) COLLATE utf8_bin NOT NULL DEFAULT '',
  `topic_delete_user` int(10) unsigned NOT NULL DEFAULT 0,
  `topic_posts_approved` mediumint(8) unsigned NOT NULL DEFAULT 0,
  `topic_posts_unapproved` mediumint(8) unsigned NOT NULL DEFAULT 0,
  `topic_posts_softdeleted` mediumint(8) unsigned NOT NULL DEFAULT 0,
  PRIMARY KEY (`topic_id`),
  KEY `forum_id` (`forum_id`),
  KEY `forum_id_type` (`forum_id`,`topic_type`),
  KEY `last_post_time` (`topic_last_post_time`),
  KEY `fid_time_moved` (`forum_id`,`topic_last_post_time`,`topic_moved_id`),
  KEY `topic_visibility` (`topic_visibility`),
  KEY `forum_vis_last` (`forum_id`,`topic_visibility`,`topic_last_post_id`),
  KEY `latest_topics` (`forum_id`,`topic_last_post_time`,`topic_last_post_id`,`topic_moved_id`)
) ENGINE=InnoDB AUTO_INCREMENT=6 DEFAULT CHARSET=utf8 COLLATE=utf8_bin;

INSERT INTO phpbb_topics (topic_id, forum_id, icon_id, topic_attachment, topic_reported, topic_title, topic_poster, topic_time, topic_time_limit, topic_views, topic_status, topic_type, topic_first_post_id, topic_first_poster_name, topic_first_poster_colour, topic_last_post_id, topic_last_poster_id, topic_last_poster_name, topic_last_poster_colour, topic_last_post_subject, topic_last_post_time, topic_last_view_time, topic_moved_id, topic_bumped, topic_bumper, poll_title, poll_start, poll_length, poll_max_options, poll_last_vote, poll_vote_change, topic_visibility, topic_delete_time, topic_delete_reason, topic_delete_user, topic_posts_approved, topic_posts_unapproved, topic_posts_softdeleted) VALUES (1, 2, 0, 0, 0, 'Welcome to phpBB3', 2, 1580733503, 0, 0, 0, 0, 1, 'vase', 'AA0000', 1, 2, 'vase', 'AA0000', 'Welcome to phpBB3', 1580733503, 972086460, 0, 0, 0, '', 0, 0, 1, 0, 0, 1, 0, '', 0, 1, 0, 0),(2, 77, 0, 0, 0, 'Zdravooo', 48, 1580739000, 0, 24, 0, 0, 2, 'VIki', '', 9, 49, 'damch', '', 'Re: Zdravooo', 1580946972, 1580947540, 0, 0, 0, '', 0, 0, 1, 0, 0, 1, 0, '', 48, 4, 0, 0),(3, 73, 6, 0, 0, 'Ubav faks', 2, 1580775839, 0, 6, 0, 0, 4, 'vase', 'AA0000', 8, 2, 'vase', 'AA0000', 'Re: Ubav faks', 1580946819, 1580946819, 0, 0, 0, '', 0, 0, 1, 0, 0, 1, 0, '', 0, 2, 0, 0),(4, 77, 1, 0, 0, 'Test', 2, 1580780596, 0, 3, 0, 0, 6, 'vase', 'AA0000', 7, 2, 'vase', 'AA0000', 'Re: Test', 1580946795, 1580946796, 0, 0, 0, '', 0, 0, 1, 0, 0, 1, 0, '', 0, 2, 0, 0),(5, 75, 3, 0, 0, 'Auff', 49, 1580947034, 0, 1, 0, 0, 10, 'damch', '', 10, 49, 'damch', '', 'Auff', 1580947034, 1580947034, 0, 0, 0, '', 0, 0, 1, 0, 0, 1, 0, '', 0, 1, 0, 0);

# Table: phpbb_topics_posted
DROP TABLE IF EXISTS phpbb_topics_posted;
CREATE TABLE `phpbb_topics_posted` (
  `user_id` int(10) unsigned NOT NULL DEFAULT 0,
  `topic_id` int(10) unsigned NOT NULL DEFAULT 0,
  `topic_posted` tinyint(1) unsigned NOT NULL DEFAULT 0,
  PRIMARY KEY (`user_id`,`topic_id`)
) ENGINE=InnoDB DEFAULT CHARSET=utf8 COLLATE=utf8_bin;

INSERT INTO phpbb_topics_posted (user_id, topic_id, topic_posted) VALUES (2, 1, 1),(2, 2, 1),(2, 3, 1),(2, 4, 1),(48, 2, 1),(49, 2, 1),(49, 5, 1);

# Table: phpbb_topics_track
DROP TABLE IF EXISTS phpbb_topics_track;
CREATE TABLE `phpbb_topics_track` (
  `user_id` int(10) unsigned NOT NULL DEFAULT 0,
  `topic_id` int(10) unsigned NOT NULL DEFAULT 0,
  `forum_id` mediumint(8) unsigned NOT NULL DEFAULT 0,
  `mark_time` int(11) unsigned NOT NULL DEFAULT 0,
  PRIMARY KEY (`user_id`,`topic_id`),
  KEY `forum_id` (`forum_id`),
  KEY `topic_id` (`topic_id`)
) ENGINE=InnoDB DEFAULT CHARSET=utf8 COLLATE=utf8_bin;

INSERT INTO phpbb_topics_track (user_id, topic_id, forum_id, mark_time) VALUES (2, 3, 73, 1580946819),(2, 4, 77, 1580946796),(48, 2, 77, 1580739000),(49, 2, 77, 1580946973),(49, 5, 75, 1580947034);

# Table: phpbb_topics_watch
DROP TABLE IF EXISTS phpbb_topics_watch;
CREATE TABLE `phpbb_topics_watch` (
  `topic_id` int(10) unsigned NOT NULL DEFAULT 0,
  `user_id` int(10) unsigned NOT NULL DEFAULT 0,
  `notify_status` tinyint(1) unsigned NOT NULL DEFAULT 0,
  KEY `topic_id` (`topic_id`),
  KEY `user_id` (`user_id`),
  KEY `notify_stat` (`notify_status`)
) ENGINE=InnoDB DEFAULT CHARSET=utf8 COLLATE=utf8_bin;

# Table: phpbb_user_group
DROP TABLE IF EXISTS phpbb_user_group;
CREATE TABLE `phpbb_user_group` (
  `group_id` mediumint(8) unsigned NOT NULL DEFAULT 0,
  `user_id` int(10) unsigned NOT NULL DEFAULT 0,
  `group_leader` tinyint(1) unsigned NOT NULL DEFAULT 0,
  `user_pending` tinyint(1) unsigned NOT NULL DEFAULT 1,
  KEY `group_id` (`group_id`),
  KEY `user_id` (`user_id`),
  KEY `group_leader` (`group_leader`)
) ENGINE=InnoDB DEFAULT CHARSET=utf8 COLLATE=utf8_bin;

INSERT INTO phpbb_user_group (group_id, user_id, group_leader, user_pending) VALUES (1, 1, 0, 0),(2, 2, 0, 0),(4, 2, 0, 0),(5, 2, 1, 0),(6, 3, 0, 0),(6, 4, 0, 0),(6, 5, 0, 0),(6, 6, 0, 0),(6, 7, 0, 0),(6, 8, 0, 0),(6, 9, 0, 0),(6, 10, 0, 0),(6, 11, 0, 0),(6, 12, 0, 0),(6, 13, 0, 0),(6, 14, 0, 0),(6, 15, 0, 0),(6, 16, 0, 0),(6, 17, 0, 0),(6, 18, 0, 0),(6, 19, 0, 0),(6, 20, 0, 0),(6, 21, 0, 0),(6, 22, 0, 0),(6, 23, 0, 0),(6, 24, 0, 0),(6, 25, 0, 0),(6, 26, 0, 0),(6, 27, 0, 0),(6, 28, 0, 0),(6, 29, 0, 0),(6, 30, 0, 0),(6, 31, 0, 0),(6, 32, 0, 0),(6, 33, 0, 0),(6, 34, 0, 0),(6, 35, 0, 0),(6, 36, 0, 0),(6, 37, 0, 0),(6, 38, 0, 0),(6, 39, 0, 0),(6, 40, 0, 0),(6, 41, 0, 0),(6, 42, 0, 0),(6, 43, 0, 0),(6, 44, 0, 0),(6, 45, 0, 0),(6, 46, 0, 0),(6, 47, 0, 0),(2, 48, 0, 0),(7, 48, 0, 0),(2, 49, 0, 0),(7, 49, 0, 0);

# Table: phpbb_user_notifications
DROP TABLE IF EXISTS phpbb_user_notifications;
CREATE TABLE `phpbb_user_notifications` (
  `item_type` varchar(165) COLLATE utf8_bin NOT NULL DEFAULT '',
  `item_id` int(10) unsigned NOT NULL DEFAULT 0,
  `user_id` int(10) unsigned NOT NULL DEFAULT 0,
  `method` varchar(165) COLLATE utf8_bin NOT NULL DEFAULT '',
  `notify` tinyint(1) unsigned NOT NULL DEFAULT 1,
  UNIQUE KEY `itm_usr_mthd` (`item_type`,`item_id`,`user_id`,`method`),
  KEY `user_id` (`user_id`),
  KEY `uid_itm_id` (`user_id`,`item_id`),
  KEY `usr_itm_tpe` (`user_id`,`item_type`,`item_id`)
) ENGINE=InnoDB DEFAULT CHARSET=utf8 COLLATE=utf8_bin;

INSERT INTO phpbb_user_notifications (item_type, item_id, user_id, method, notify) VALUES ('notification.type.post', 0, 2, 'notification.method.board', 1),('notification.type.post', 0, 2, 'notification.method.email', 1),('notification.type.post', 0, 3, 'notification.method.email', 1),('notification.type.post', 0, 4, 'notification.method.email', 1),('notification.type.post', 0, 5, 'notification.method.email', 1),('notification.type.post', 0, 6, 'notification.method.email', 1),('notification.type.post', 0, 7, 'notification.method.email', 1),('notification.type.post', 0, 8, 'notification.method.email', 1),('notification.type.post', 0, 9, 'notification.method.email', 1),('notification.type.post', 0, 10, 'notification.method.email', 1),('notification.type.post', 0, 11, 'notification.method.email', 1),('notification.type.post', 0, 12, 'notification.method.email', 1),('notification.type.post', 0, 13, 'notification.method.email', 1),('notification.type.post', 0, 14, 'notification.method.email', 1),('notification.type.post', 0, 15, 'notification.method.email', 1),('notification.type.post', 0, 16, 'notification.method.email', 1),('notification.type.post', 0, 17, 'notification.method.email', 1),('notification.type.post', 0, 18, 'notification.method.email', 1),('notification.type.post', 0, 19, 'notification.method.email', 1),('notification.type.post', 0, 20, 'notification.method.email', 1),('notification.type.post', 0, 21, 'notification.method.email', 1),('notification.type.post', 0, 22, 'notification.method.email', 1),('notification.type.post', 0, 23, 'notification.method.email', 1),('notification.type.post', 0, 24, 'notification.method.email', 1),('notification.type.post', 0, 25, 'notification.method.email', 1),('notification.type.post', 0, 26, 'notification.method.email', 1),('notification.type.post', 0, 27, 'notification.method.email', 1),('notification.type.post', 0, 28, 'notification.method.email', 1),('notification.type.post', 0, 29, 'notification.method.email', 1),('notification.type.post', 0, 30, 'notification.method.email', 1),('notification.type.post', 0, 31, 'notification.method.email', 1),('notification.type.post', 0, 32, 'notification.method.email', 1),('notification.type.post', 0, 33, 'notification.method.email', 1),('notification.type.post', 0, 34, 'notification.method.email', 1),('notification.type.post', 0, 35, 'notification.method.email', 1),('notification.type.post', 0, 36, 'notification.method.email', 1),('notification.type.post', 0, 37, 'notification.method.email', 1),('notification.type.post', 0, 38, 'notification.method.email', 1),('notification.type.post', 0, 39, 'notification.method.email', 1),('notification.type.post', 0, 40, 'notification.method.email', 1),('notification.type.post', 0, 41, 'notification.method.email', 1),('notification.type.post', 0, 42, 'notification.method.email', 1),('notification.type.post', 0, 43, 'notification.method.email', 1),('notification.type.post', 0, 44, 'notification.method.email', 1),('notification.type.post', 0, 45, 'notification.method.email', 1),('notification.type.post', 0, 46, 'notification.method.email', 1),('notification.type.post', 0, 47, 'notification.method.email', 1),('notification.type.post', 0, 48, 'notification.method.email', 1),('notification.type.post', 0, 49, 'notification.method.email', 1),('notification.type.topic', 0, 2, 'notification.method.board', 1),('notification.type.topic', 0, 2, 'notification.method.email', 1),('notification.type.topic', 0, 3, 'notification.method.email', 1),('notification.type.topic', 0, 4, 'notification.method.email', 1),('notification.type.topic', 0, 5, 'notification.method.email', 1),('notification.type.topic', 0, 6, 'notification.method.email', 1),('notification.type.topic', 0, 7, 'notification.method.email', 1),('notification.type.topic', 0, 8, 'notification.method.email', 1),('notification.type.topic', 0, 9, 'notification.method.email', 1),('notification.type.topic', 0, 10, 'notification.method.email', 1),('notification.type.topic', 0, 11, 'notification.method.email', 1),('notification.type.topic', 0, 12, 'notification.method.email', 1),('notification.type.topic', 0, 13, 'notification.method.email', 1),('notification.type.topic', 0, 14, 'notification.method.email', 1),('notification.type.topic', 0, 15, 'notification.method.email', 1),('notification.type.topic', 0, 16, 'notification.method.email', 1),('notification.type.topic', 0, 17, 'notification.method.email', 1),('notification.type.topic', 0, 18, 'notification.method.email', 1),('notification.type.topic', 0, 19, 'notification.method.email', 1),('notification.type.topic', 0, 20, 'notification.method.email', 1),('notification.type.topic', 0, 21, 'notification.method.email', 1),('notification.type.topic', 0, 22, 'notification.method.email', 1),('notification.type.topic', 0, 23, 'notification.method.email', 1),('notification.type.topic', 0, 24, 'notification.method.email', 1),('notification.type.topic', 0, 25, 'notification.method.email', 1),('notification.type.topic', 0, 26, 'notification.method.email', 1),('notification.type.topic', 0, 27, 'notification.method.email', 1),('notification.type.topic', 0, 28, 'notification.method.email', 1),('notification.type.topic', 0, 29, 'notification.method.email', 1),('notification.type.topic', 0, 30, 'notification.method.email', 1),('notification.type.topic', 0, 31, 'notification.method.email', 1),('notification.type.topic', 0, 32, 'notification.method.email', 1),('notification.type.topic', 0, 33, 'notification.method.email', 1),('notification.type.topic', 0, 34, 'notification.method.email', 1),('notification.type.topic', 0, 35, 'notification.method.email', 1),('notification.type.topic', 0, 36, 'notification.method.email', 1),('notification.type.topic', 0, 37, 'notification.method.email', 1),('notification.type.topic', 0, 38, 'notification.method.email', 1),('notification.type.topic', 0, 39, 'notification.method.email', 1),('notification.type.topic', 0, 40, 'notification.method.email', 1),('notification.type.topic', 0, 41, 'notification.method.email', 1),('notification.type.topic', 0, 42, 'notification.method.email', 1),('notification.type.topic', 0, 43, 'notification.method.email', 1),('notification.type.topic', 0, 44, 'notification.method.email', 1),('notification.type.topic', 0, 45, 'notification.method.email', 1),('notification.type.topic', 0, 46, 'notification.method.email', 1),('notification.type.topic', 0, 47, 'notification.method.email', 1),('notification.type.topic', 0, 48, 'notification.method.email', 1),('notification.type.topic', 0, 49, 'notification.method.email', 1);

# Table: phpbb_users
DROP TABLE IF EXISTS phpbb_users;
CREATE TABLE `phpbb_users` (
  `user_id` int(10) unsigned NOT NULL AUTO_INCREMENT,
  `user_type` tinyint(2) NOT NULL DEFAULT 0,
  `group_id` mediumint(8) unsigned NOT NULL DEFAULT 3,
  `user_permissions` mediumtext COLLATE utf8_bin NOT NULL,
  `user_perm_from` mediumint(8) unsigned NOT NULL DEFAULT 0,
  `user_ip` varchar(40) COLLATE utf8_bin NOT NULL DEFAULT '',
  `user_regdate` int(11) unsigned NOT NULL DEFAULT 0,
  `username` varchar(255) COLLATE utf8_bin NOT NULL DEFAULT '',
  `username_clean` varchar(255) COLLATE utf8_bin NOT NULL DEFAULT '',
  `user_password` varchar(255) COLLATE utf8_bin NOT NULL DEFAULT '',
  `user_passchg` int(11) unsigned NOT NULL DEFAULT 0,
  `user_email` varchar(100) COLLATE utf8_bin NOT NULL DEFAULT '',
  `user_birthday` varchar(10) COLLATE utf8_bin NOT NULL DEFAULT '',
  `user_lastvisit` int(11) unsigned NOT NULL DEFAULT 0,
  `user_lastmark` int(11) unsigned NOT NULL DEFAULT 0,
  `user_lastpost_time` int(11) unsigned NOT NULL DEFAULT 0,
  `user_lastpage` varchar(200) COLLATE utf8_bin NOT NULL DEFAULT '',
  `user_last_confirm_key` varchar(10) COLLATE utf8_bin NOT NULL DEFAULT '',
  `user_last_search` int(11) unsigned NOT NULL DEFAULT 0,
  `user_warnings` tinyint(4) NOT NULL DEFAULT 0,
  `user_last_warning` int(11) unsigned NOT NULL DEFAULT 0,
  `user_login_attempts` tinyint(4) NOT NULL DEFAULT 0,
  `user_inactive_reason` tinyint(2) NOT NULL DEFAULT 0,
  `user_inactive_time` int(11) unsigned NOT NULL DEFAULT 0,
  `user_posts` mediumint(8) unsigned NOT NULL DEFAULT 0,
  `user_lang` varchar(30) COLLATE utf8_bin NOT NULL DEFAULT '',
  `user_timezone` varchar(100) COLLATE utf8_bin NOT NULL DEFAULT '',
  `user_dateformat` varchar(64) COLLATE utf8_bin NOT NULL DEFAULT 'd M Y H:i',
  `user_style` mediumint(8) unsigned NOT NULL DEFAULT 0,
  `user_rank` mediumint(8) unsigned NOT NULL DEFAULT 0,
  `user_colour` varchar(6) COLLATE utf8_bin NOT NULL DEFAULT '',
  `user_new_privmsg` int(4) NOT NULL DEFAULT 0,
  `user_unread_privmsg` int(4) NOT NULL DEFAULT 0,
  `user_last_privmsg` int(11) unsigned NOT NULL DEFAULT 0,
  `user_message_rules` tinyint(1) unsigned NOT NULL DEFAULT 0,
  `user_full_folder` int(11) NOT NULL DEFAULT -3,
  `user_emailtime` int(11) unsigned NOT NULL DEFAULT 0,
  `user_topic_show_days` smallint(4) unsigned NOT NULL DEFAULT 0,
  `user_topic_sortby_type` varchar(1) COLLATE utf8_bin NOT NULL DEFAULT 't',
  `user_topic_sortby_dir` varchar(1) COLLATE utf8_bin NOT NULL DEFAULT 'd',
  `user_post_show_days` smallint(4) unsigned NOT NULL DEFAULT 0,
  `user_post_sortby_type` varchar(1) COLLATE utf8_bin NOT NULL DEFAULT 't',
  `user_post_sortby_dir` varchar(1) COLLATE utf8_bin NOT NULL DEFAULT 'a',
  `user_notify` tinyint(1) unsigned NOT NULL DEFAULT 0,
  `user_notify_pm` tinyint(1) unsigned NOT NULL DEFAULT 1,
  `user_notify_type` tinyint(4) NOT NULL DEFAULT 0,
  `user_allow_pm` tinyint(1) unsigned NOT NULL DEFAULT 1,
  `user_allow_viewonline` tinyint(1) unsigned NOT NULL DEFAULT 1,
  `user_allow_viewemail` tinyint(1) unsigned NOT NULL DEFAULT 1,
  `user_allow_massemail` tinyint(1) unsigned NOT NULL DEFAULT 1,
  `user_options` int(11) unsigned NOT NULL DEFAULT 230271,
  `user_avatar` varchar(255) COLLATE utf8_bin NOT NULL DEFAULT '',
  `user_avatar_type` varchar(255) COLLATE utf8_bin NOT NULL DEFAULT '',
  `user_avatar_width` smallint(4) unsigned NOT NULL DEFAULT 0,
  `user_avatar_height` smallint(4) unsigned NOT NULL DEFAULT 0,
  `user_sig` mediumtext COLLATE utf8_bin NOT NULL,
  `user_sig_bbcode_uid` varchar(8) COLLATE utf8_bin NOT NULL DEFAULT '',
  `user_sig_bbcode_bitfield` varchar(255) COLLATE utf8_bin NOT NULL DEFAULT '',
  `user_jabber` varchar(255) COLLATE utf8_bin NOT NULL DEFAULT '',
  `user_actkey` varchar(32) COLLATE utf8_bin NOT NULL DEFAULT '',
  `reset_token` varchar(64) COLLATE utf8_bin NOT NULL DEFAULT '',
  `reset_token_expiration` int(11) unsigned NOT NULL DEFAULT 0,
  `user_newpasswd` varchar(255) COLLATE utf8_bin NOT NULL DEFAULT '',
  `user_form_salt` varchar(32) COLLATE utf8_bin NOT NULL DEFAULT '',
  `user_new` tinyint(1) unsigned NOT NULL DEFAULT 1,
  `user_reminded` tinyint(4) NOT NULL DEFAULT 0,
  `user_reminded_time` int(11) unsigned NOT NULL DEFAULT 0,
  PRIMARY KEY (`user_id`),
  UNIQUE KEY `username_clean` (`username_clean`),
  KEY `user_birthday` (`user_birthday`),
  KEY `user_type` (`user_type`),
  KEY `user_email` (`user_email`)
) ENGINE=InnoDB AUTO_INCREMENT=50 DEFAULT CHARSET=utf8 COLLATE=utf8_bin;

INSERT INTO phpbb_users (user_id, user_type, group_id, user_permissions, user_perm_from, user_ip, user_regdate, username, username_clean, user_password, user_passchg, user_email, user_birthday, user_lastvisit, user_lastmark, user_lastpost_time, user_lastpage, user_last_confirm_key, user_last_search, user_warnings, user_last_warning, user_login_attempts, user_inactive_reason, user_inactive_time, user_posts, user_lang, user_timezone, user_dateformat, user_style, user_rank, user_colour, user_new_privmsg, user_unread_privmsg, user_last_privmsg, user_message_rules, user_full_folder, user_emailtime, user_topic_show_days, user_topic_sortby_type, user_topic_sortby_dir, user_post_show_days, user_post_sortby_type, user_post_sortby_dir, user_notify, user_notify_pm, user_notify_type, user_allow_pm, user_allow_viewonline, user_allow_viewemail, user_allow_massemail, user_options, user_avatar, user_avatar_type, user_avatar_width, user_avatar_height, user_sig, user_sig_bbcode_uid, user_sig_bbcode_bitfield, user_jabber, user_actkey, reset_token, reset_token_expiration, user_newpasswd, user_form_salt, user_new, user_reminded, user_reminded_time) VALUES (1, 2, 1, '00000000000g13ydmo\nhwby9w000000\nhwby9w000000\n\n\n\n\n\n\n\n\n\n\n\n\n\n\n\n\n\n\n\n\n\n\n\n\n\n\n\n\n\n\n\n\n\n\n\n\n\n\n\n\n\n\n\n\n\n\n\n\n\n\n\n\n\n\n\n\n\n\n\n\n\n\n\n\n\nzik0zjqmx0qo\nzik0zjqmx0qo\nzik0zjqmx0qo\nzik0zjqmx0qo\nzik0zjqmx0qo\nzik0zjqmx0qo\nzik0zjqmx0qo\nzik0zjqmx0qo\n\nzik0zjqmx0qo\nzik0zjqmx0qo\nzik0zjqmx0qo\nzik0zjqmx0qo\nzik0zjqmx0qo\nzik0zjqmx0qo\nzik0zjqmx0qo\nzik0zjqmx0qo\nzik0zjqmx0qo\n\n\nzik0zjqmx0qo\nzik0zjqmx0qo\nzik0zjqmx0qo\nzik0zjqmx0qo\nzik0zjqmx0qo\nzik0zjqmx0qo\nzik0zjqmx0qo\nzik0zjqmx0qo\nzik0zjqmx0qo\nzik0zjqmx0qo\nzik0zjqmx0qo\nzik0zjqmx0qo\nzik0zjqmx0qo\nzik0zjqmx0qo\nzik0zjqmx0qo\nzik0zjqmx0qo\nzik0zjqmx0qo\nzik0zjqmx0qo\nzik0zjqmx0qo\nzik0zjqmx0qo\nzik0zjqmx0qo\nzik0zjqmx0qo\nzik0zjqmx0qo\nzik0zjqmx0qo\nzik0zjqmx0qo\nzik0zjqmx0qo\nzik0zjqmx0qo\nzik0zjqmx0qo\nzik0zjqmx0qo\nzik0zjqmx0qo\nzik0zjqmx0qo\nzik0zjqmx0qo\nzik0zjqmx0qo\nzik0zjqmx0qo\nzik0zjqmx0qo\nzik0zjqmx0qo\nzik0zjqmx0qo\nzik0zjqmx0qo\nzik0zjqmx0qo\nzik0zjqmx0qo\nzik0zjqmx0qo\nzik0zjqmx0qo\nzik0zjqmx0qo\nzik0zjqmx0qo\nzik0zjqmx0qo\nzik0zjqmx0qo\nzik0zjqmx0qo\nzik0zjqmx0qo\nzik0zjqmx0qo\nzik0zjqmx0qo\nzik0zjqmx0qo\nzik0zjqmx0qo\nzik0zjqmx0qo\nzik0zjqmx0qo\nzik0zjqmx0qo\nzik0zjqmx0qo\nzik0zjqmx0qo\nzik0zjqmx0qo\nzik0zjqmx0qo\nzik0zjqmx0qo\nzik0zjqmx0qo\nzik0zjqmx0qo\nzik0zjqmx0qo\nzik0zjqmx0qo\nzik0zjqmx0qo\nzik0zjqmx0qo\nzik0zjqmx0qo\nzik0zjqmx0qo\nzik0zjqmx0qo\nzik0zjqmx0qo\nzik0zjqmx0qo\nzik0zjqmx0qo\nzik0zjqmx0qo\nzik0zjqmx0qo\nzik0zjqmx0qo\nzik0zjqmx0qo\nzik0zjqmx0qo\nzik0zjqmx0qo\nzik0zjqmx0qo\nzik0zjqmx0qo\nzik0zjqmx0qo\nzik0zjqmx0qo\nzik0zjqmx0qo\nzik0zjqmx0qo\n\n\nzik0zjqmx0qo\nzik0zjqmx0qo\nzik0zjqmx0qo\nzik0zjqmx0qo\nzik0zjqmx0qo\nzik0zjqmx0qo\nzik0zjqmx0qo\nzik0zjqmx0qo\nzik0zjqmx0qo\nzik0zjqmx0qo\nzik0zjqmx0qo\nzik0zjqmx0qo', 0, '', 1580733503, 'Anonymous', 'anonymous', '', 0, '', '', 0, 0, 0, '', '', 0, 0, 0, 0, 0, 0, 0, 'en', '', 'd M Y H:i', 1, 0, '', 0, 0, 0, 0, -3, 0, 0, 't', 'd', 0, 't', 'a', 0, 1, 0, 1, 1, 1, 0, 230271, '', '', 0, 0, '', '', '', '', '', '', 0, '', 'ahldy86omp4j6u0q', 1, 0, 0),(2, 3, 5, 'zik0zjzik0zjzik0zi\nhwby9w000000\nzik0zjzih7uo\n\n\n\n\n\n\n\n\n\n\n\n\n\n\n\n\n\n\n\n\n\n\n\n\n\n\n\n\n\n\n\n\n\n\n\n\n\n\n\n\n\n\n\n\n\n\n\n\n\n\n\n\n\n\n\n\n\n\n\n\n\n\n\n\n\nhwby9w000000\nhwby9w000000\nhwby9w000000\nhwby9w000000\nhwby9w000000\nhwby9w000000\nhwby9w000000\nhwby9w000000\n\nhwby9w000000\nhwby9w000000\nhwby9w000000\nhwby9w000000\nhwby9w000000\nhwby9w000000\nhwby9w000000\nhwby9w000000\nhwby9w000000\n\n\nhwby9w000000\nhwby9w000000\nhwby9w000000\nhwby9w000000\nhwby9w000000\nhwby9w000000\nhwby9w000000\nhwby9w000000\nhwby9w000000\nhwby9w000000\nhwby9w000000\nhwby9w000000\nhwby9w000000\nhwby9w000000\nhwby9w000000\nhwby9w000000\nhwby9w000000\nhwby9w000000\nhwby9w000000\nhwby9w000000\nhwby9w000000\nhwby9w000000\nhwby9w000000\nhwby9w000000\nhwby9w000000\nhwby9w000000\nhwby9w000000\nhwby9w000000\nhwby9w000000\nhwby9w000000\nhwby9w000000\nhwby9w000000\nhwby9w000000\nhwby9w000000\nhwby9w000000\nhwby9w000000\nhwby9w000000\nhwby9w000000\nhwby9w000000\nhwby9w000000\nhwby9w000000\nhwby9w000000\nhwby9w000000\nhwby9w000000\nhwby9w000000\nhwby9w000000\nhwby9w000000\nhwby9w000000\nhwby9w000000\nhwby9w000000\nhwby9w000000\nhwby9w000000\nhwby9w000000\nhwby9w000000\nhwby9w000000\nhwby9w000000\nhwby9w000000\nhwby9w000000\nhwby9w000000\nhwby9w000000\nhwby9w000000\nhwby9w000000\nhwby9w000000\nhwby9w000000\nhwby9w000000\nhwby9w000000\nhwby9w000000\nhwby9w000000\nhwby9w000000\nhwby9w000000\nhwby9w000000\nhwby9w000000\nhwby9w000000\nhwby9w000000\nhwby9w000000\nhwby9w000000\nhwby9w000000\nhwby9w000000\nhwby9w000000\nhwby9w000000\nhwby9w000000\nhwby9w000000\nhwby9w000000\nhwby9w000000\n\n\nhwby9w000000\nhwby9w000000\nhwby9w000000\nhwby9w000000\nhwby9w000000\nhwby9w000000\nhwby9w000000\nhwby9w000000\nhwby9w000000\nhwby9w000000\nhwby9w000000\nhwby9w000000', 0, '89.205.108.21', 1580733503, 'vase', 'vase', '$argon2id$v=19$m=65536,t=4,p=2$SXZsczAzMVlZRWhEVXNqTA$529F1WeIMmG79dUD1ZS7g90LtIYmVtcHsZoevoWkYnk', 0, 'vase_trendafilov@hotmail.com', '', 1580946853, 0, 1580946819, 'ucp.php?i=181', '', 1580945079, 0, 0, 0, 0, 0, 7, 'en', '', 'D M d, Y g:i a', 1, 1, 'AA0000', 0, 0, 0, 0, -3, 0, 0, 't', 'd', 0, 't', 'a', 0, 1, 0, 1, 1, 1, 1, 230271, '', '', 0, 0, '', '', '', '', '', '', 0, '', '3cwwmmfb95fqjsei', 0, 0, 0),(3, 2, 6, '', 0, '', 1580733504, 'AdsBot [Google]', 'adsbot [google]', '', 1580733504, '', '', 0, 1580733504, 0, '', '', 0, 0, 0, 0, 0, 0, 0, 'en', 'UTC', 'D M d, Y g:i a', 1, 0, '9E8DA7', 0, 0, 0, 0, -3, 0, 0, 't', 'd', 0, 't', 'a', 0, 1, 0, 0, 1, 1, 0, 230271, '', '', 0, 0, '', '', '', '', '', '', 0, '', 'zqpivrioh1rftaxr', 0, 0, 0),(4, 2, 6, '', 0, '', 1580733504, 'Alexa [Bot]', 'alexa [bot]', '', 1580733504, '', '', 0, 1580733504, 0, '', '', 0, 0, 0, 0, 0, 0, 0, 'en', 'UTC', 'D M d, Y g:i a', 1, 0, '9E8DA7', 0, 0, 0, 0, -3, 0, 0, 't', 'd', 0, 't', 'a', 0, 1, 0, 0, 1, 1, 0, 230271, '', '', 0, 0, '', '', '', '', '', '', 0, '', 'dihyk88zvpteo7pd', 0, 0, 0),(5, 2, 6, '', 0, '', 1580733504, 'Alta Vista [Bot]', 'alta vista [bot]', '', 1580733504, '', '', 0, 1580733504, 0, '', '', 0, 0, 0, 0, 0, 0, 0, 'en', 'UTC', 'D M d, Y g:i a', 1, 0, '9E8DA7', 0, 0, 0, 0, -3, 0, 0, 't', 'd', 0, 't', 'a', 0, 1, 0, 0, 1, 1, 0, 230271, '', '', 0, 0, '', '', '', '', '', '', 0, '', 'iq9svotkp45sjfdq', 0, 0, 0),(6, 2, 6, '', 0, '', 1580733504, 'Ask Jeeves [Bot]', 'ask jeeves [bot]', '', 1580733504, '', '', 0, 1580733504, 0, '', '', 0, 0, 0, 0, 0, 0, 0, 'en', 'UTC', 'D M d, Y g:i a', 1, 0, '9E8DA7', 0, 0, 0, 0, -3, 0, 0, 't', 'd', 0, 't', 'a', 0, 1, 0, 0, 1, 1, 0, 230271, '', '', 0, 0, '', '', '', '', '', '', 0, '', 'c8ekmfa8nqefa2ss', 0, 0, 0),(7, 2, 6, '', 0, '', 1580733504, 'Baidu [Spider]', 'baidu [spider]', '', 1580733504, '', '', 0, 1580733504, 0, '', '', 0, 0, 0, 0, 0, 0, 0, 'en', 'UTC', 'D M d, Y g:i a', 1, 0, '9E8DA7', 0, 0, 0, 0, -3, 0, 0, 't', 'd', 0, 't', 'a', 0, 1, 0, 0, 1, 1, 0, 230271, '', '', 0, 0, '', '', '', '', '', '', 0, '', '5r3jvotdrvjv7s19', 0, 0, 0),(8, 2, 6, '', 0, '', 1580733504, 'Bing [Bot]', 'bing [bot]', '', 1580733504, '', '', 0, 1580733504, 0, '', '', 0, 0, 0, 0, 0, 0, 0, 'en', 'UTC', 'D M d, Y g:i a', 1, 0, '9E8DA7', 0, 0, 0, 0, -3, 0, 0, 't', 'd', 0, 't', 'a', 0, 1, 0, 0, 1, 1, 0, 230271, '', '', 0, 0, '', '', '', '', '', '', 0, '', '6ptnqqrv7ijqkz9m', 0, 0, 0),(9, 2, 6, '', 0, '', 1580733504, 'Exabot [Bot]', 'exabot [bot]', '', 1580733504, '', '', 0, 1580733504, 0, '', '', 0, 0, 0, 0, 0, 0, 0, 'en', 'UTC', 'D M d, Y g:i a', 1, 0, '9E8DA7', 0, 0, 0, 0, -3, 0, 0, 't', 'd', 0, 't', 'a', 0, 1, 0, 0, 1, 1, 0, 230271, '', '', 0, 0, '', '', '', '', '', '', 0, '', '4cyq0dx8hvxe8fb9', 0, 0, 0),(10, 2, 6, '', 0, '', 1580733504, 'FAST Enterprise [Crawler]', 'fast enterprise [crawler]', '', 1580733504, '', '', 0, 1580733504, 0, '', '', 0, 0, 0, 0, 0, 0, 0, 'en', 'UTC', 'D M d, Y g:i a', 1, 0, '9E8DA7', 0, 0, 0, 0, -3, 0, 0, 't', 'd', 0, 't', 'a', 0, 1, 0, 0, 1, 1, 0, 230271, '', '', 0, 0, '', '', '', '', '', '', 0, '', 'v1trdett10zjyyw9', 0, 0, 0),(11, 2, 6, '', 0, '', 1580733504, 'FAST WebCrawler [Crawler]', 'fast webcrawler [crawler]', '', 1580733504, '', '', 0, 1580733504, 0, '', '', 0, 0, 0, 0, 0, 0, 0, 'en', 'UTC', 'D M d, Y g:i a', 1, 0, '9E8DA7', 0, 0, 0, 0, -3, 0, 0, 't', 'd', 0, 't', 'a', 0, 1, 0, 0, 1, 1, 0, 230271, '', '', 0, 0, '', '', '', '', '', '', 0, '', 'cy92g1rdofhqc95j', 0, 0, 0),(12, 2, 6, '', 0, '', 1580733504, 'Francis [Bot]', 'francis [bot]', '', 1580733504, '', '', 0, 1580733504, 0, '', '', 0, 0, 0, 0, 0, 0, 0, 'en', 'UTC', 'D M d, Y g:i a', 1, 0, '9E8DA7', 0, 0, 0, 0, -3, 0, 0, 't', 'd', 0, 't', 'a', 0, 1, 0, 0, 1, 1, 0, 230271, '', '', 0, 0, '', '', '', '', '', '', 0, '', 'folu0h878tl63xb2', 0, 0, 0),(13, 2, 6, '', 0, '', 1580733504, 'Gigabot [Bot]', 'gigabot [bot]', '', 1580733504, '', '', 0, 1580733504, 0, '', '', 0, 0, 0, 0, 0, 0, 0, 'en', 'UTC', 'D M d, Y g:i a', 1, 0, '9E8DA7', 0, 0, 0, 0, -3, 0, 0, 't', 'd', 0, 't', 'a', 0, 1, 0, 0, 1, 1, 0, 230271, '', '', 0, 0, '', '', '', '', '', '', 0, '', '0fo4f44fe7ofvbqv', 0, 0, 0),(14, 2, 6, '', 0, '', 1580733504, 'Google Adsense [Bot]', 'google adsense [bot]', '', 1580733504, '', '', 0, 1580733504, 0, '', '', 0, 0, 0, 0, 0, 0, 0, 'en', 'UTC', 'D M d, Y g:i a', 1, 0, '9E8DA7', 0, 0, 0, 0, -3, 0, 0, 't', 'd', 0, 't', 'a', 0, 1, 0, 0, 1, 1, 0, 230271, '', '', 0, 0, '', '', '', '', '', '', 0, '', 'cwhdio4u5m86e4p9', 0, 0, 0),(15, 2, 6, '', 0, '', 1580733504, 'Google Desktop', 'google desktop', '', 1580733504, '', '', 0, 1580733504, 0, '', '', 0, 0, 0, 0, 0, 0, 0, 'en', 'UTC', 'D M d, Y g:i a', 1, 0, '9E8DA7', 0, 0, 0, 0, -3, 0, 0, 't', 'd', 0, 't', 'a', 0, 1, 0, 0, 1, 1, 0, 230271, '', '', 0, 0, '', '', '', '', '', '', 0, '', 'mt4e8blsc7gpbo8m', 0, 0, 0),(16, 2, 6, '', 0, '', 1580733504, 'Google Feedfetcher', 'google feedfetcher', '', 1580733504, '', '', 0, 1580733504, 0, '', '', 0, 0, 0, 0, 0, 0, 0, 'en', 'UTC', 'D M d, Y g:i a', 1, 0, '9E8DA7', 0, 0, 0, 0, -3, 0, 0, 't', 'd', 0, 't', 'a', 0, 1, 0, 0, 1, 1, 0, 230271, '', '', 0, 0, '', '', '', '', '', '', 0, '', '307jvi25i5ttbbps', 0, 0, 0),(17, 2, 6, '', 0, '', 1580733504, 'Google [Bot]', 'google [bot]', '', 1580733504, '', '', 0, 1580733504, 0, '', '', 0, 0, 0, 0, 0, 0, 0, 'en', 'UTC', 'D M d, Y g:i a', 1, 0, '9E8DA7', 0, 0, 0, 0, -3, 0, 0, 't', 'd', 0, 't', 'a', 0, 1, 0, 0, 1, 1, 0, 230271, '', '', 0, 0, '', '', '', '', '', '', 0, '', 'hlwm9ymc1sytbiyp', 0, 0, 0),(18, 2, 6, '', 0, '', 1580733504, 'Heise IT-Markt [Crawler]', 'heise it-markt [crawler]', '', 1580733504, '', '', 0, 1580733504, 0, '', '', 0, 0, 0, 0, 0, 0, 0, 'en', 'UTC', 'D M d, Y g:i a', 1, 0, '9E8DA7', 0, 0, 0, 0, -3, 0, 0, 't', 'd', 0, 't', 'a', 0, 1, 0, 0, 1, 1, 0, 230271, '', '', 0, 0, '', '', '', '', '', '', 0, '', 'qa5tfie9xy9w2f7l', 0, 0, 0),(19, 2, 6, '', 0, '', 1580733504, 'Heritrix [Crawler]', 'heritrix [crawler]', '', 1580733504, '', '', 0, 1580733504, 0, '', '', 0, 0, 0, 0, 0, 0, 0, 'en', 'UTC', 'D M d, Y g:i a', 1, 0, '9E8DA7', 0, 0, 0, 0, -3, 0, 0, 't', 'd', 0, 't', 'a', 0, 1, 0, 0, 1, 1, 0, 230271, '', '', 0, 0, '', '', '', '', '', '', 0, '', 'fqgaih2ni48s0ep9', 0, 0, 0),(20, 2, 6, '', 0, '', 1580733504, 'IBM Research [Bot]', 'ibm research [bot]', '', 1580733504, '', '', 0, 1580733504, 0, '', '', 0, 0, 0, 0, 0, 0, 0, 'en', 'UTC', 'D M d, Y g:i a', 1, 0, '9E8DA7', 0, 0, 0, 0, -3, 0, 0, 't', 'd', 0, 't', 'a', 0, 1, 0, 0, 1, 1, 0, 230271, '', '', 0, 0, '', '', '', '', '', '', 0, '', 'ej10ule0tgw1isoz', 0, 0, 0),(21, 2, 6, '', 0, '', 1580733504, 'ICCrawler - ICjobs', 'iccrawler - icjobs', '', 1580733504, '', '', 0, 1580733504, 0, '', '', 0, 0, 0, 0, 0, 0, 0, 'en', 'UTC', 'D M d, Y g:i a', 1, 0, '9E8DA7', 0, 0, 0, 0, -3, 0, 0, 't', 'd', 0, 't', 'a', 0, 1, 0, 0, 1, 1, 0, 230271, '', '', 0, 0, '', '', '', '', '', '', 0, '', 'pggvw4l6ui7jrhai', 0, 0, 0),(22, 2, 6, '', 0, '', 1580733504, 'ichiro [Crawler]', 'ichiro [crawler]', '', 1580733504, '', '', 0, 1580733504, 0, '', '', 0, 0, 0, 0, 0, 0, 0, 'en', 'UTC', 'D M d, Y g:i a', 1, 0, '9E8DA7', 0, 0, 0, 0, -3, 0, 0, 't', 'd', 0, 't', 'a', 0, 1, 0, 0, 1, 1, 0, 230271, '', '', 0, 0, '', '', '', '', '', '', 0, '', 'svdk1u424vm1jjcs', 0, 0, 0),(23, 2, 6, '', 0, '', 1580733504, 'Majestic-12 [Bot]', 'majestic-12 [bot]', '', 1580733504, '', '', 0, 1580733504, 0, '', '', 0, 0, 0, 0, 0, 0, 0, 'en', 'UTC', 'D M d, Y g:i a', 1, 0, '9E8DA7', 0, 0, 0, 0, -3, 0, 0, 't', 'd', 0, 't', 'a', 0, 1, 0, 0, 1, 1, 0, 230271, '', '', 0, 0, '', '', '', '', '', '', 0, '', '4soae875lxqophmk', 0, 0, 0),(24, 2, 6, '', 0, '', 1580733504, 'Metager [Bot]', 'metager [bot]', '', 1580733504, '', '', 0, 1580733504, 0, '', '', 0, 0, 0, 0, 0, 0, 0, 'en', 'UTC', 'D M d, Y g:i a', 1, 0, '9E8DA7', 0, 0, 0, 0, -3, 0, 0, 't', 'd', 0, 't', 'a', 0, 1, 0, 0, 1, 1, 0, 230271, '', '', 0, 0, '', '', '', '', '', '', 0, '', 'v48cjwtzxx9ch87s', 0, 0, 0),(25, 2, 6, '', 0, '', 1580733504, 'MSN NewsBlogs', 'msn newsblogs', '', 1580733504, '', '', 0, 1580733504, 0, '', '', 0, 0, 0, 0, 0, 0, 0, 'en', 'UTC', 'D M d, Y g:i a', 1, 0, '9E8DA7', 0, 0, 0, 0, -3, 0, 0, 't', 'd', 0, 't', 'a', 0, 1, 0, 0, 1, 1, 0, 230271, '', '', 0, 0, '', '', '', '', '', '', 0, '', 'p3p77y3nco1r97kk', 0, 0, 0),(26, 2, 6, '', 0, '', 1580733504, 'MSN [Bot]', 'msn [bot]', '', 1580733504, '', '', 0, 1580733504, 0, '', '', 0, 0, 0, 0, 0, 0, 0, 'en', 'UTC', 'D M d, Y g:i a', 1, 0, '9E8DA7', 0, 0, 0, 0, -3, 0, 0, 't', 'd', 0, 't', 'a', 0, 1, 0, 0, 1, 1, 0, 230271, '', '', 0, 0, '', '', '', '', '', '', 0, '', 'xyp7jrql7bpsdxqv', 0, 0, 0),(27, 2, 6, '', 0, '', 1580733504, 'MSNbot Media', 'msnbot media', '', 1580733504, '', '', 0, 1580733504, 0, '', '', 0, 0, 0, 0, 0, 0, 0, 'en', 'UTC', 'D M d, Y g:i a', 1, 0, '9E8DA7', 0, 0, 0, 0, -3, 0, 0, 't', 'd', 0, 't', 'a', 0, 1, 0, 0, 1, 1, 0, 230271, '', '', 0, 0, '', '', '', '', '', '', 0, '', 'qpzsrjtxsy8ihffz', 0, 0, 0),(28, 2, 6, '', 0, '', 1580733504, 'Nutch [Bot]', 'nutch [bot]', '', 1580733504, '', '', 0, 1580733504, 0, '', '', 0, 0, 0, 0, 0, 0, 0, 'en', 'UTC', 'D M d, Y g:i a', 1, 0, '9E8DA7', 0, 0, 0, 0, -3, 0, 0, 't', 'd', 0, 't', 'a', 0, 1, 0, 0, 1, 1, 0, 230271, '', '', 0, 0, '', '', '', '', '', '', 0, '', 'tot1azapyvtqbe1j', 0, 0, 0),(29, 2, 6, '', 0, '', 1580733504, 'Online link [Validator]', 'online link [validator]', '', 1580733504, '', '', 0, 1580733504, 0, '', '', 0, 0, 0, 0, 0, 0, 0, 'en', 'UTC', 'D M d, Y g:i a', 1, 0, '9E8DA7', 0, 0, 0, 0, -3, 0, 0, 't', 'd', 0, 't', 'a', 0, 1, 0, 0, 1, 1, 0, 230271, '', '', 0, 0, '', '', '', '', '', '', 0, '', 'a0qp5k76rhzdo4ja', 0, 0, 0),(30, 2, 6, '', 0, '', 1580733504, 'psbot [Picsearch]', 'psbot [picsearch]', '', 1580733504, '', '', 0, 1580733504, 0, '', '', 0, 0, 0, 0, 0, 0, 0, 'en', 'UTC', 'D M d, Y g:i a', 1, 0, '9E8DA7', 0, 0, 0, 0, -3, 0, 0, 't', 'd', 0, 't', 'a', 0, 1, 0, 0, 1, 1, 0, 230271, '', '', 0, 0, '', '', '', '', '', '', 0, '', 'fazjk47xubi3fq41', 0, 0, 0),(31, 2, 6, '', 0, '', 1580733504, 'Sensis [Crawler]', 'sensis [crawler]', '', 1580733504, '', '', 0, 1580733504, 0, '', '', 0, 0, 0, 0, 0, 0, 0, 'en', 'UTC', 'D M d, Y g:i a', 1, 0, '9E8DA7', 0, 0, 0, 0, -3, 0, 0, 't', 'd', 0, 't', 'a', 0, 1, 0, 0, 1, 1, 0, 230271, '', '', 0, 0, '', '', '', '', '', '', 0, '', 's7ka6f79jho03x8v', 0, 0, 0),(32, 2, 6, '', 0, '', 1580733504, 'SEO Crawler', 'seo crawler', '', 1580733504, '', '', 0, 1580733504, 0, '', '', 0, 0, 0, 0, 0, 0, 0, 'en', 'UTC', 'D M d, Y g:i a', 1, 0, '9E8DA7', 0, 0, 0, 0, -3, 0, 0, 't', 'd', 0, 't', 'a', 0, 1, 0, 0, 1, 1, 0, 230271, '', '', 0, 0, '', '', '', '', '', '', 0, '', '6h09fpf6c4mdyrnv', 0, 0, 0),(33, 2, 6, '', 0, '', 1580733504, 'Seoma [Crawler]', 'seoma [crawler]', '', 1580733504, '', '', 0, 1580733504, 0, '', '', 0, 0, 0, 0, 0, 0, 0, 'en', 'UTC', 'D M d, Y g:i a', 1, 0, '9E8DA7', 0, 0, 0, 0, -3, 0, 0, 't', 'd', 0, 't', 'a', 0, 1, 0, 0, 1, 1, 0, 230271, '', '', 0, 0, '', '', '', '', '', '', 0, '', '7l3bt5d8kfehsfg4', 0, 0, 0),(34, 2, 6, '', 0, '', 1580733504, 'SEOSearch [Crawler]', 'seosearch [crawler]', '', 1580733504, '', '', 0, 1580733504, 0, '', '', 0, 0, 0, 0, 0, 0, 0, 'en', 'UTC', 'D M d, Y g:i a', 1, 0, '9E8DA7', 0, 0, 0, 0, -3, 0, 0, 't', 'd', 0, 't', 'a', 0, 1, 0, 0, 1, 1, 0, 230271, '', '', 0, 0, '', '', '', '', '', '', 0, '', '8ujtxhuspztkrjhw', 0, 0, 0),(35, 2, 6, '', 0, '', 1580733504, 'Snappy [Bot]', 'snappy [bot]', '', 1580733504, '', '', 0, 1580733504, 0, '', '', 0, 0, 0, 0, 0, 0, 0, 'en', 'UTC', 'D M d, Y g:i a', 1, 0, '9E8DA7', 0, 0, 0, 0, -3, 0, 0, 't', 'd', 0, 't', 'a', 0, 1, 0, 0, 1, 1, 0, 230271, '', '', 0, 0, '', '', '', '', '', '', 0, '', '4hh8bz01ixwbhr2b', 0, 0, 0),(36, 2, 6, '', 0, '', 1580733504, 'Steeler [Crawler]', 'steeler [crawler]', '', 1580733504, '', '', 0, 1580733504, 0, '', '', 0, 0, 0, 0, 0, 0, 0, 'en', 'UTC', 'D M d, Y g:i a', 1, 0, '9E8DA7', 0, 0, 0, 0, -3, 0, 0, 't', 'd', 0, 't', 'a', 0, 1, 0, 0, 1, 1, 0, 230271, '', '', 0, 0, '', '', '', '', '', '', 0, '', 'w7mtuhxvgoybcbxg', 0, 0, 0),(37, 2, 6, '', 0, '', 1580733504, 'Telekom [Bot]', 'telekom [bot]', '', 1580733504, '', '', 0, 1580733504, 0, '', '', 0, 0, 0, 0, 0, 0, 0, 'en', 'UTC', 'D M d, Y g:i a', 1, 0, '9E8DA7', 0, 0, 0, 0, -3, 0, 0, 't', 'd', 0, 't', 'a', 0, 1, 0, 0, 1, 1, 0, 230271, '', '', 0, 0, '', '', '', '', '', '', 0, '', 'pefcy7rk91avthfq', 0, 0, 0),(38, 2, 6, '', 0, '', 1580733504, 'TurnitinBot [Bot]', 'turnitinbot [bot]', '', 1580733504, '', '', 0, 1580733504, 0, '', '', 0, 0, 0, 0, 0, 0, 0, 'en', 'UTC', 'D M d, Y g:i a', 1, 0, '9E8DA7', 0, 0, 0, 0, -3, 0, 0, 't', 'd', 0, 't', 'a', 0, 1, 0, 0, 1, 1, 0, 230271, '', '', 0, 0, '', '', '', '', '', '', 0, '', 'eocyd7zbx1fsrm9d', 0, 0, 0),(39, 2, 6, '', 0, '', 1580733504, 'Voyager [Bot]', 'voyager [bot]', '', 1580733504, '', '', 0, 1580733504, 0, '', '', 0, 0, 0, 0, 0, 0, 0, 'en', 'UTC', 'D M d, Y g:i a', 1, 0, '9E8DA7', 0, 0, 0, 0, -3, 0, 0, 't', 'd', 0, 't', 'a', 0, 1, 0, 0, 1, 1, 0, 230271, '', '', 0, 0, '', '', '', '', '', '', 0, '', 'ejhelw1mvhgyst98', 0, 0, 0),(40, 2, 6, '', 0, '', 1580733504, 'W3 [Sitesearch]', 'w3 [sitesearch]', '', 1580733504, '', '', 0, 1580733504, 0, '', '', 0, 0, 0, 0, 0, 0, 0, 'en', 'UTC', 'D M d, Y g:i a', 1, 0, '9E8DA7', 0, 0, 0, 0, -3, 0, 0, 't', 'd', 0, 't', 'a', 0, 1, 0, 0, 1, 1, 0, 230271, '', '', 0, 0, '', '', '', '', '', '', 0, '', '9x7a5adx6idbyyc9', 0, 0, 0),(41, 2, 6, '', 0, '', 1580733504, 'W3C [Linkcheck]', 'w3c [linkcheck]', '', 1580733504, '', '', 0, 1580733504, 0, '', '', 0, 0, 0, 0, 0, 0, 0, 'en', 'UTC', 'D M d, Y g:i a', 1, 0, '9E8DA7', 0, 0, 0, 0, -3, 0, 0, 't', 'd', 0, 't', 'a', 0, 1, 0, 0, 1, 1, 0, 230271, '', '', 0, 0, '', '', '', '', '', '', 0, '', '9l6iitroyf4lj8d0', 0, 0, 0),(42, 2, 6, '', 0, '', 1580733504, 'W3C [Validator]', 'w3c [validator]', '', 1580733504, '', '', 0, 1580733504, 0, '', '', 0, 0, 0, 0, 0, 0, 0, 'en', 'UTC', 'D M d, Y g:i a', 1, 0, '9E8DA7', 0, 0, 0, 0, -3, 0, 0, 't', 'd', 0, 't', 'a', 0, 1, 0, 0, 1, 1, 0, 230271, '', '', 0, 0, '', '', '', '', '', '', 0, '', 'hbiwybcj4o5yxffj', 0, 0, 0),(43, 2, 6, '', 0, '', 1580733504, 'YaCy [Bot]', 'yacy [bot]', '', 1580733504, '', '', 0, 1580733504, 0, '', '', 0, 0, 0, 0, 0, 0, 0, 'en', 'UTC', 'D M d, Y g:i a', 1, 0, '9E8DA7', 0, 0, 0, 0, -3, 0, 0, 't', 'd', 0, 't', 'a', 0, 1, 0, 0, 1, 1, 0, 230271, '', '', 0, 0, '', '', '', '', '', '', 0, '', 's5cgiry0leucj1v9', 0, 0, 0),(44, 2, 6, '', 0, '', 1580733504, 'Yahoo MMCrawler [Bot]', 'yahoo mmcrawler [bot]', '', 1580733504, '', '', 0, 1580733504, 0, '', '', 0, 0, 0, 0, 0, 0, 0, 'en', 'UTC', 'D M d, Y g:i a', 1, 0, '9E8DA7', 0, 0, 0, 0, -3, 0, 0, 't', 'd', 0, 't', 'a', 0, 1, 0, 0, 1, 1, 0, 230271, '', '', 0, 0, '', '', '', '', '', '', 0, '', 'io299kdmcmnpg9rl', 0, 0, 0),(45, 2, 6, '', 0, '', 1580733504, 'Yahoo Slurp [Bot]', 'yahoo slurp [bot]', '', 1580733504, '', '', 0, 1580733504, 0, '', '', 0, 0, 0, 0, 0, 0, 0, 'en', 'UTC', 'D M d, Y g:i a', 1, 0, '9E8DA7', 0, 0, 0, 0, -3, 0, 0, 't', 'd', 0, 't', 'a', 0, 1, 0, 0, 1, 1, 0, 230271, '', '', 0, 0, '', '', '', '', '', '', 0, '', 'nz9mggtqrdlk1l1m', 0, 0, 0),(46, 2, 6, '', 0, '', 1580733504, 'Yahoo [Bot]', 'yahoo [bot]', '', 1580733504, '', '', 0, 1580733504, 0, '', '', 0, 0, 0, 0, 0, 0, 0, 'en', 'UTC', 'D M d, Y g:i a', 1, 0, '9E8DA7', 0, 0, 0, 0, -3, 0, 0, 't', 'd', 0, 't', 'a', 0, 1, 0, 0, 1, 1, 0, 230271, '', '', 0, 0, '', '', '', '', '', '', 0, '', 'nkvvtlntt7g0mmg4', 0, 0, 0),(47, 2, 6, '', 0, '', 1580733504, 'YahooSeeker [Bot]', 'yahooseeker [bot]', '', 1580733504, '', '', 0, 1580733504, 0, '', '', 0, 0, 0, 0, 0, 0, 0, 'en', 'UTC', 'D M d, Y g:i a', 1, 0, '9E8DA7', 0, 0, 0, 0, -3, 0, 0, 't', 'd', 0, 't', 'a', 0, 1, 0, 0, 1, 1, 0, 230271, '', '', 0, 0, '', '', '', '', '', '', 0, '', 'vljsxh53tgipzn1c', 0, 0, 0),(48, 0, 2, '', 0, '89.205.102.129', 1580738966, 'VIki', 'viki', '$argon2i$v=19$m=65536,t=4,p=2$eHZvMi9YZXV4Ti9HYk92cA$gVUAYn7dBQ7JPGHT/zMjQpsxy8cjPgs6E5h8alpUYus', 1580738966, 'asdasdad@gmail.com', '', 1580739095, 1580738966, 1580739000, 'index.php', '', 0, 0, 0, 0, 0, 0, 1, 'en', 'Africa/Algiers', 'D M d, Y g:i a', 1, 0, '', 0, 0, 0, 0, -3, 0, 0, 't', 'd', 0, 't', 'a', 0, 1, 0, 1, 1, 1, 1, 230271, '', '', 0, 0, '', '', '', '', '', '', 0, '', '7oyalj6fb462q7sz', 1, 0, 0),(49, 0, 2, '00000000000v6ez2zu\nhwby9w000000\nm6awadqmx0qo\n\n\n\n\n\n\n\n\n\n\n\n\n\n\n\n\n\n\n\n\n\n\n\n\n\n\n\n\n\n\n\n\n\n\n\n\n\n\n\n\n\n\n\n\n\n\n\n\n\n\n\n\n\n\n\n\n\n\n\n\n\n\n\n\n\nhwby9w000000\nhwby9w000000\nhwby9w000000\nhwby9w000000\nhwby9w000000\nhwby9w000000\nhwby9w000000\nhwby9w000000\n\nhwby9w000000\nhwby9w000000\nhwby9w000000\nhwby9w000000\nhwby9w000000\nhwby9w000000\nhwby9w000000\nhwby9w000000\nhwby9w000000\n\n\nhwby9w000000\nhwby9w000000\nhwby9w000000\nhwby9w000000\nhwby9w000000\nhwby9w000000\nhwby9w000000\nhwby9w000000\nhwby9w000000\nhwby9w000000\nhwby9w000000\nhwby9w000000\nhwby9w000000\nhwby9w000000\nhwby9w000000\nhwby9w000000\nhwby9w000000\nhwby9w000000\nhwby9w000000\nhwby9w000000\nhwby9w000000\nhwby9w000000\nhwby9w000000\nhwby9w000000\nhwby9w000000\nhwby9w000000\nhwby9w000000\nhwby9w000000\nhwby9w000000\nhwby9w000000\nhwby9w000000\nhwby9w000000\nhwby9w000000\nhwby9w000000\nhwby9w000000\nhwby9w000000\nhwby9w000000\nhwby9w000000\nhwby9w000000\nhwby9w000000\nhwby9w000000\nhwby9w000000\nhwby9w000000\nhwby9w000000\nhwby9w000000\nhwby9w000000\nhwby9w000000\nhwby9w000000\nhwby9w000000\nhwby9w000000\nhwby9w000000\nhwby9w000000\nhwby9w000000\nhwby9w000000\nhwby9w000000\nhwby9w000000\nhwby9w000000\nhwby9w000000\nhwby9w000000\nhwby9w000000\nhwby9w000000\nhwby9w000000\nhwby9w000000\nhwby9w000000\nhwby9w000000\nhwby9w000000\nhwby9w000000\nhwby9w000000\nhwby9w000000\nhwby9w000000\nhwby9w000000\nhwby9w000000\nhwby9w000000\nhwby9w000000\nhwby9w000000\nhwby9w000000\nhwby9w000000\nhwby9w000000\nhwby9w000000\nhwby9w000000\nhwby9w000000\nhwby9w000000\nhwby9w000000\nhwby9w000000\n\n\nhwby9w000000\nhwby9w000000\nhwby9w000000\nhwby9w000000\nhwby9w000000\nhwby9w000000\nhwby9w000000\nhwby9w000000\nhwby9w000000\nhwby9w000000\nhwby9w000000\nhwby9w000000', 0, '::1', 1580946900, 'damch', 'damch', '$argon2id$v=19$m=65536,t=4,p=2$a2RSL0lGcFh4NFZmTDNRdA$bNKJcoigtVWJUyw45f+mdMht+s2KSFrxF2AhKeS+9UI', 1580946900, 'damcevskiane7@gmail.com', '', 1581280132, 1580946900, 1580947034, 'viewforum.php?f=75', '', 0, 0, 0, 0, 0, 0, 2, 'en', 'Europe/Skopje', 'D M d, Y g:i a', 1, 0, '', 0, 0, 0, 0, -3, 0, 0, 't', 'd', 0, 't', 'a', 0, 1, 0, 1, 1, 1, 1, 230271, '', '', 0, 0, '', '', '', '', '', '', 0, '', '6x5ctkwxnk3ust1r', 1, 0, 0);

# Table: phpbb_warnings
DROP TABLE IF EXISTS phpbb_warnings;
CREATE TABLE `phpbb_warnings` (
  `warning_id` mediumint(8) unsigned NOT NULL AUTO_INCREMENT,
  `user_id` int(10) unsigned NOT NULL DEFAULT 0,
  `post_id` int(10) unsigned NOT NULL DEFAULT 0,
  `log_id` int(10) unsigned NOT NULL DEFAULT 0,
  `warning_time` int(11) unsigned NOT NULL DEFAULT 0,
  PRIMARY KEY (`warning_id`)
) ENGINE=InnoDB DEFAULT CHARSET=utf8 COLLATE=utf8_bin;

# Table: phpbb_words
DROP TABLE IF EXISTS phpbb_words;
CREATE TABLE `phpbb_words` (
  `word_id` int(10) unsigned NOT NULL AUTO_INCREMENT,
  `word` varchar(255) COLLATE utf8_bin NOT NULL DEFAULT '',
  `replacement` varchar(255) COLLATE utf8_bin NOT NULL DEFAULT '',
  PRIMARY KEY (`word_id`)
) ENGINE=InnoDB DEFAULT CHARSET=utf8 COLLATE=utf8_bin;

# Table: phpbb_zebra
DROP TABLE IF EXISTS phpbb_zebra;
CREATE TABLE `phpbb_zebra` (
  `user_id` int(10) unsigned NOT NULL DEFAULT 0,
  `zebra_id` int(10) unsigned NOT NULL DEFAULT 0,
  `friend` tinyint(1) unsigned NOT NULL DEFAULT 0,
  `foe` tinyint(1) unsigned NOT NULL DEFAULT 0,
  PRIMARY KEY (`user_id`,`zebra_id`)
) ENGINE=InnoDB DEFAULT CHARSET=utf8 COLLATE=utf8_bin;

